﻿<?xml version="1.0" encoding="utf-8"?>
<abapGit version="v1.0.0" serializer="LCL_OBJECT_DTEL" serializer_version="v1.0.0">
 <asx:abap xmlns:asx="http://www.sap.com/abapxml" version="1.0">
  <asx:values>
   <DD04V>
    <ROLLNAME>ZABQTY</ROLLNAME>
    <DDLANGUAGE>E</DDLANGUAGE>
    <DOMNAME>ZABQTY</DOMNAME>
    <HEADLEN>13</HEADLEN>
    <SCRLEN1>09</SCRLEN1>
    <SCRLEN2>13</SCRLEN2>
    <SCRLEN3>13</SCRLEN3>
    <DDTEXT>Available Qty</DDTEXT>
    <REPTEXT>Available Qty</REPTEXT>
    <SCRTEXT_S>Available</SCRTEXT_S>
    <SCRTEXT_M>Available Qty</SCRTEXT_M>
    <SCRTEXT_L>Available Qty</SCRTEXT_L>
    <DTELMASTER>E</DTELMASTER>
    <REFKIND>D</REFKIND>
   </DD04V>
  </asx:values>
 </asx:abap>
</abapGit>
