﻿<?xml version="1.0" encoding="utf-8"?>
<abapGit version="v1.0.0" serializer="LCL_OBJECT_DTEL" serializer_version="v1.0.0">
 <asx:abap xmlns:asx="http://www.sap.com/abapxml" version="1.0">
  <asx:values>
   <DD04V>
    <ROLLNAME>ZACCEL</ROLLNAME>
    <DDLANGUAGE>E</DDLANGUAGE>
    <DOMNAME>CHAR6</DOMNAME>
    <HEADLEN>55</HEADLEN>
    <SCRLEN1>10</SCRLEN1>
    <SCRLEN2>20</SCRLEN2>
    <SCRLEN3>40</SCRLEN3>
    <DDTEXT>Acceleration</DDTEXT>
    <REPTEXT>Acceleration</REPTEXT>
    <SCRTEXT_S>Accelerat</SCRTEXT_S>
    <SCRTEXT_M>Acceleration</SCRTEXT_M>
    <SCRTEXT_L>Acceleration</SCRTEXT_L>
    <DTELMASTER>E</DTELMASTER>
    <REFKIND>D</REFKIND>
   </DD04V>
   <I18N_LANGS>
    <LANGU>1</LANGU>
   </I18N_LANGS>
   <DD04_TEXTS>
    <item>
     <DDLANGUAGE>1</DDLANGUAGE>
     <DDTEXT>飞转</DDTEXT>
     <REPTEXT>飞转</REPTEXT>
     <SCRTEXT_S>飞转</SCRTEXT_S>
     <SCRTEXT_M>飞转</SCRTEXT_M>
     <SCRTEXT_L>飞转</SCRTEXT_L>
    </item>
   </DD04_TEXTS>
  </asx:values>
 </asx:abap>
</abapGit>
