﻿<?xml version="1.0" encoding="utf-8"?>
<abapGit version="v1.0.0" serializer="LCL_OBJECT_DTEL" serializer_version="v1.0.0">
 <asx:abap xmlns:asx="http://www.sap.com/abapxml" version="1.0">
  <asx:values>
   <DD04V>
    <ROLLNAME>ZACCEL_I</ROLLNAME>
    <DDLANGUAGE>E</DDLANGUAGE>
    <DOMNAME>ZPASSIND</DOMNAME>
    <HEADLEN>55</HEADLEN>
    <SCRLEN1>10</SCRLEN1>
    <SCRLEN2>20</SCRLEN2>
    <SCRLEN3>40</SCRLEN3>
    <DDTEXT>Acceleration  indicator</DDTEXT>
    <REPTEXT>PASS indicator 4</REPTEXT>
    <SCRTEXT_S>PASS Ind 4</SCRTEXT_S>
    <SCRTEXT_M>PASS indicator 4</SCRTEXT_M>
    <SCRTEXT_L>PASS indicator 4</SCRTEXT_L>
    <DTELMASTER>E</DTELMASTER>
    <REFKIND>D</REFKIND>
   </DD04V>
   <I18N_LANGS>
    <LANGU>1</LANGU>
   </I18N_LANGS>
   <DD04_TEXTS>
    <item>
     <DDLANGUAGE>1</DDLANGUAGE>
     <DDTEXT>通过标识-飞转</DDTEXT>
     <REPTEXT>通过标识-飞转</REPTEXT>
     <SCRTEXT_S>标识-飞转</SCRTEXT_S>
     <SCRTEXT_M>通过标识-飞转</SCRTEXT_M>
     <SCRTEXT_L>通过标识-飞转</SCRTEXT_L>
    </item>
   </DD04_TEXTS>
  </asx:values>
 </asx:abap>
</abapGit>
