﻿<?xml version="1.0" encoding="utf-8"?>
<abapGit version="v1.0.0" serializer="LCL_OBJECT_DTEL" serializer_version="v1.0.0">
 <asx:abap xmlns:asx="http://www.sap.com/abapxml" version="1.0">
  <asx:values>
   <DD04V>
    <ROLLNAME>ZADMRL</ROLLNAME>
    <DDLANGUAGE>E</DDLANGUAGE>
    <DOMNAME>FLAG</DOMNAME>
    <HEADLEN>35</HEADLEN>
    <SCRLEN1>10</SCRLEN1>
    <SCRLEN2>20</SCRLEN2>
    <SCRLEN3>35</SCRLEN3>
    <DDTEXT>Admin change release indicator</DDTEXT>
    <REPTEXT>Admin change release indicator</REPTEXT>
    <SCRTEXT_S>Admin Chg</SCRTEXT_S>
    <SCRTEXT_M>Admin change release</SCRTEXT_M>
    <SCRTEXT_L>Admin change release indicator</SCRTEXT_L>
    <DTELMASTER>E</DTELMASTER>
    <REFKIND>D</REFKIND>
   </DD04V>
   <I18N_LANGS>
    <LANGU>1</LANGU>
   </I18N_LANGS>
   <DD04_TEXTS>
    <item>
     <DDLANGUAGE>1</DDLANGUAGE>
     <DDTEXT>审批</DDTEXT>
     <REPTEXT>审批</REPTEXT>
     <SCRTEXT_S>审批</SCRTEXT_S>
     <SCRTEXT_M>审批</SCRTEXT_M>
     <SCRTEXT_L>审批</SCRTEXT_L>
    </item>
   </DD04_TEXTS>
  </asx:values>
 </asx:abap>
</abapGit>
