﻿<?xml version="1.0" encoding="utf-8"?>
<abapGit version="v1.0.0" serializer="LCL_OBJECT_DTEL" serializer_version="v1.0.0">
 <asx:abap xmlns:asx="http://www.sap.com/abapxml" version="1.0">
  <asx:values>
   <DD04V>
    <ROLLNAME>ZAMP_T0_UP</ROLLNAME>
    <DDLANGUAGE>E</DDLANGUAGE>
    <DOMNAME>ZAMPL</DOMNAME>
    <HEADLEN>40</HEADLEN>
    <SCRLEN1>10</SCRLEN1>
    <SCRLEN2>20</SCRLEN2>
    <SCRLEN3>30</SCRLEN3>
    <DDTEXT>Amplitude-up-t0</DDTEXT>
    <REPTEXT>Amplitude-up-t0</REPTEXT>
    <SCRTEXT_S>Amplitude-</SCRTEXT_S>
    <SCRTEXT_M>Amplitude-up-t0</SCRTEXT_M>
    <SCRTEXT_L>Amplitude-up-t0</SCRTEXT_L>
    <DTELMASTER>E</DTELMASTER>
    <REFKIND>D</REFKIND>
   </DD04V>
   <I18N_LANGS>
    <LANGU>1</LANGU>
   </I18N_LANGS>
   <DD04_TEXTS>
    <item>
     <DDLANGUAGE>1</DDLANGUAGE>
     <DDTEXT>T0测试摆幅-面上</DDTEXT>
     <REPTEXT>T0测试摆幅-面上</REPTEXT>
     <SCRTEXT_S>摆幅-面上</SCRTEXT_S>
     <SCRTEXT_M>T0测试摆幅-面上</SCRTEXT_M>
     <SCRTEXT_L>T0测试摆幅-面上</SCRTEXT_L>
    </item>
   </DD04_TEXTS>
  </asx:values>
 </asx:abap>
</abapGit>
