﻿<?xml version="1.0" encoding="utf-8"?>
<abapGit version="v1.0.0" serializer="LCL_OBJECT_DTEL" serializer_version="v1.0.0">
 <asx:abap xmlns:asx="http://www.sap.com/abapxml" version="1.0">
  <asx:values>
   <DD04V>
    <ROLLNAME>ZAPPRE_CHK</ROLLNAME>
    <DDLANGUAGE>E</DDLANGUAGE>
    <DOMNAME>ZCHKFLG</DOMNAME>
    <HEADLEN>40</HEADLEN>
    <SCRLEN1>10</SCRLEN1>
    <SCRLEN2>20</SCRLEN2>
    <SCRLEN3>30</SCRLEN3>
    <DDTEXT>Appearance check</DDTEXT>
    <REPTEXT>Appearance check</REPTEXT>
    <SCRTEXT_S>Appearance</SCRTEXT_S>
    <SCRTEXT_M>Appearance check</SCRTEXT_M>
    <SCRTEXT_L>Appearance check</SCRTEXT_L>
    <DTELMASTER>E</DTELMASTER>
    <REFKIND>D</REFKIND>
   </DD04V>
   <I18N_LANGS>
    <LANGU>1</LANGU>
   </I18N_LANGS>
   <DD04_TEXTS>
    <item>
     <DDLANGUAGE>1</DDLANGUAGE>
     <DDTEXT>外观是否完好</DDTEXT>
     <REPTEXT>外观是否完好</REPTEXT>
     <SCRTEXT_S>外观检查</SCRTEXT_S>
     <SCRTEXT_M>外观是否完好</SCRTEXT_M>
     <SCRTEXT_L>外观是否完好</SCRTEXT_L>
    </item>
   </DD04_TEXTS>
  </asx:values>
 </asx:abap>
</abapGit>
