﻿<?xml version="1.0" encoding="utf-8"?>
<abapGit version="v1.0.0" serializer="LCL_OBJECT_DTEL" serializer_version="v1.0.0">
 <asx:abap xmlns:asx="http://www.sap.com/abapxml" version="1.0">
  <asx:values>
   <DD04V>
    <ROLLNAME>ZASSGN_PERS</ROLLNAME>
    <DOMNAME>USNAM</DOMNAME>
    <HEADLEN>12</HEADLEN>
    <SCRLEN1>12</SCRLEN1>
    <SCRLEN2>12</SCRLEN2>
    <SCRLEN3>12</SCRLEN3>
    <DTELMASTER>1</DTELMASTER>
    <REFKIND>D</REFKIND>
   </DD04V>
   <I18N_LANGS>
    <LANGU>1</LANGU>
   </I18N_LANGS>
   <DD04_TEXTS>
    <item>
     <DDLANGUAGE>1</DDLANGUAGE>
     <DDTEXT>Assign person</DDTEXT>
     <REPTEXT>Assign pers</REPTEXT>
     <SCRTEXT_S>As per</SCRTEXT_S>
     <SCRTEXT_M>Assignper</SCRTEXT_M>
     <SCRTEXT_L>Assign pers</SCRTEXT_L>
    </item>
   </DD04_TEXTS>
  </asx:values>
 </asx:abap>
</abapGit>
