﻿<?xml version="1.0" encoding="utf-8"?>
<abapGit version="v1.0.0" serializer="LCL_OBJECT_DTEL" serializer_version="v1.0.0">
 <asx:abap xmlns:asx="http://www.sap.com/abapxml" version="1.0">
  <asx:values>
   <DD04V>
    <ROLLNAME>ZAUGRU</ROLLNAME>
    <DDLANGUAGE>E</DDLANGUAGE>
    <DOMNAME>ZAUGRU</DOMNAME>
    <LOGFLAG>X</LOGFLAG>
    <HEADLEN>20</HEADLEN>
    <SCRLEN1>10</SCRLEN1>
    <SCRLEN2>20</SCRLEN2>
    <SCRLEN3>20</SCRLEN3>
    <DDTEXT>transaction level1</DDTEXT>
    <REPTEXT>transaction level1</REPTEXT>
    <SCRTEXT_S>TX level1</SCRTEXT_S>
    <SCRTEXT_M>transaction level1</SCRTEXT_M>
    <SCRTEXT_L>transaction level1</SCRTEXT_L>
    <DTELMASTER>E</DTELMASTER>
    <REFKIND>D</REFKIND>
   </DD04V>
   <I18N_LANGS>
    <LANGU>1</LANGU>
   </I18N_LANGS>
   <DD04_TEXTS>
    <item>
     <DDLANGUAGE>1</DDLANGUAGE>
     <DDTEXT>收费类型1</DDTEXT>
     <REPTEXT>收费类型1</REPTEXT>
     <SCRTEXT_S>收费类型1</SCRTEXT_S>
     <SCRTEXT_M>收费类型1</SCRTEXT_M>
     <SCRTEXT_L>收费类型1</SCRTEXT_L>
    </item>
   </DD04_TEXTS>
  </asx:values>
 </asx:abap>
</abapGit>
