﻿<?xml version="1.0" encoding="utf-8"?>
<abapGit version="v1.0.0" serializer="LCL_OBJECT_DTEL" serializer_version="v1.0.0">
 <asx:abap xmlns:asx="http://www.sap.com/abapxml" version="1.0">
  <asx:values>
   <DD04V>
    <ROLLNAME>ZBATTV_T</ROLLNAME>
    <DDLANGUAGE>E</DDLANGUAGE>
    <DOMNAME>CHAR6</DOMNAME>
    <HEADLEN>40</HEADLEN>
    <SCRLEN1>10</SCRLEN1>
    <SCRLEN2>20</SCRLEN2>
    <SCRLEN3>30</SCRLEN3>
    <DDTEXT>Voltage(v)</DDTEXT>
    <REPTEXT>Voltage(v)</REPTEXT>
    <SCRTEXT_S>Voltage(v)</SCRTEXT_S>
    <SCRTEXT_M>Voltage(v)</SCRTEXT_M>
    <SCRTEXT_L>Voltage(v)</SCRTEXT_L>
    <DTELMASTER>E</DTELMASTER>
    <REFKIND>D</REFKIND>
   </DD04V>
   <I18N_LANGS>
    <LANGU>1</LANGU>
   </I18N_LANGS>
   <DD04_TEXTS>
    <item>
     <DDLANGUAGE>1</DDLANGUAGE>
     <DDTEXT>测试电池电量</DDTEXT>
     <REPTEXT>测试电池电量</REPTEXT>
     <SCRTEXT_S>测试电量</SCRTEXT_S>
     <SCRTEXT_M>测试电池电量</SCRTEXT_M>
     <SCRTEXT_L>测试电池电量</SCRTEXT_L>
    </item>
   </DD04_TEXTS>
  </asx:values>
 </asx:abap>
</abapGit>
