﻿<?xml version="1.0" encoding="utf-8"?>
<abapGit version="v1.0.0" serializer="LCL_OBJECT_DTEL" serializer_version="v1.0.0">
 <asx:abap xmlns:asx="http://www.sap.com/abapxml" version="1.0">
  <asx:values>
   <DD04V>
    <ROLLNAME>ZBATTV</ROLLNAME>
    <DDLANGUAGE>E</DDLANGUAGE>
    <DOMNAME>CHAR6</DOMNAME>
    <HEADLEN>20</HEADLEN>
    <SCRLEN1>10</SCRLEN1>
    <SCRLEN2>20</SCRLEN2>
    <SCRLEN3>20</SCRLEN3>
    <DDTEXT>Battery voltage</DDTEXT>
    <REPTEXT>Battery voltage</REPTEXT>
    <SCRTEXT_S>Battery vo</SCRTEXT_S>
    <SCRTEXT_M>Battery voltage</SCRTEXT_M>
    <SCRTEXT_L>Battery voltage</SCRTEXT_L>
    <DTELMASTER>E</DTELMASTER>
    <REFKIND>D</REFKIND>
   </DD04V>
   <I18N_LANGS>
    <LANGU>1</LANGU>
   </I18N_LANGS>
   <DD04_TEXTS>
    <item>
     <DDLANGUAGE>1</DDLANGUAGE>
     <DDTEXT>电池电量</DDTEXT>
     <REPTEXT>电池电量</REPTEXT>
     <SCRTEXT_S>电池电量</SCRTEXT_S>
     <SCRTEXT_M>电池电量</SCRTEXT_M>
     <SCRTEXT_L>电池电量</SCRTEXT_L>
    </item>
   </DD04_TEXTS>
  </asx:values>
 </asx:abap>
</abapGit>
