﻿<?xml version="1.0" encoding="utf-8"?>
<abapGit version="v1.0.0" serializer="LCL_OBJECT_DTEL" serializer_version="v1.0.0">
 <asx:abap xmlns:asx="http://www.sap.com/abapxml" version="1.0">
  <asx:values>
   <DD04V>
    <ROLLNAME>ZBEAT1</ROLLNAME>
    <DDLANGUAGE>E</DDLANGUAGE>
    <DOMNAME>ZBEAT</DOMNAME>
    <HEADLEN>55</HEADLEN>
    <SCRLEN1>10</SCRLEN1>
    <SCRLEN2>20</SCRLEN2>
    <SCRLEN3>40</SCRLEN3>
    <DDTEXT>Beat error 1</DDTEXT>
    <REPTEXT>Beat error 1</REPTEXT>
    <SCRTEXT_S>BeatError1</SCRTEXT_S>
    <SCRTEXT_M>Beat error 1</SCRTEXT_M>
    <SCRTEXT_L>Beat error 1</SCRTEXT_L>
    <DTELMASTER>E</DTELMASTER>
    <REFKIND>D</REFKIND>
   </DD04V>
   <I18N_LANGS>
    <LANGU>1</LANGU>
   </I18N_LANGS>
   <DD04_TEXTS>
    <item>
     <DDLANGUAGE>1</DDLANGUAGE>
     <DDTEXT>偏摆1</DDTEXT>
     <REPTEXT>偏摆1</REPTEXT>
     <SCRTEXT_S>偏摆1</SCRTEXT_S>
     <SCRTEXT_M>偏摆1</SCRTEXT_M>
     <SCRTEXT_L>偏摆1</SCRTEXT_L>
    </item>
   </DD04_TEXTS>
  </asx:values>
 </asx:abap>
</abapGit>
