﻿<?xml version="1.0" encoding="utf-8"?>
<abapGit version="v1.0.0" serializer="LCL_OBJECT_DOMA" serializer_version="v1.0.0">
 <asx:abap xmlns:asx="http://www.sap.com/abapxml" version="1.0">
  <asx:values>
   <DD01V>
    <DOMNAME>ZBRACC</DOMNAME>
    <DDLANGUAGE>E</DDLANGUAGE>
    <DATATYPE>CHAR</DATATYPE>
    <LENG>000002</LENG>
    <OUTPUTLEN>000002</OUTPUTLEN>
    <VALEXI>X</VALEXI>
    <DDTEXT>Bracelet code</DDTEXT>
   </DD01V>
   <DD07V_TAB>
    <DD07V>
     <DOMNAME>ZBRACC</DOMNAME>
     <VALPOS>0001</VALPOS>
     <DDLANGUAGE>E</DDLANGUAGE>
     <DOMVALUE_L>1</DOMVALUE_L>
     <DDTEXT>STEEL</DDTEXT>
    </DD07V>
    <DD07V>
     <DOMNAME>ZBRACC</DOMNAME>
     <VALPOS>0002</VALPOS>
     <DDLANGUAGE>E</DDLANGUAGE>
     <DOMVALUE_L>2</DOMVALUE_L>
     <DDTEXT>PLATED GOLD</DDTEXT>
    </DD07V>
    <DD07V>
     <DOMNAME>ZBRACC</DOMNAME>
     <VALPOS>0003</VALPOS>
     <DDLANGUAGE>E</DDLANGUAGE>
     <DOMVALUE_L>3</DOMVALUE_L>
     <DDTEXT>BICOLOR</DDTEXT>
    </DD07V>
    <DD07V>
     <DOMNAME>ZBRACC</DOMNAME>
     <VALPOS>0004</VALPOS>
     <DDLANGUAGE>E</DDLANGUAGE>
     <DOMVALUE_L>4</DOMVALUE_L>
     <DDTEXT>LEATHER</DDTEXT>
    </DD07V>
    <DD07V>
     <DOMNAME>ZBRACC</DOMNAME>
     <VALPOS>0005</VALPOS>
     <DDLANGUAGE>E</DDLANGUAGE>
     <DOMVALUE_L>5</DOMVALUE_L>
     <DDTEXT>GOLD</DDTEXT>
    </DD07V>
    <DD07V>
     <DOMNAME>ZBRACC</DOMNAME>
     <VALPOS>0006</VALPOS>
     <DDLANGUAGE>E</DDLANGUAGE>
     <DOMVALUE_L>6</DOMVALUE_L>
     <DDTEXT>TITANIUM</DDTEXT>
    </DD07V>
    <DD07V>
     <DOMNAME>ZBRACC</DOMNAME>
     <VALPOS>0007</VALPOS>
     <DDLANGUAGE>E</DDLANGUAGE>
     <DOMVALUE_L>7</DOMVALUE_L>
     <DDTEXT>HARD METAL</DDTEXT>
    </DD07V>
    <DD07V>
     <DOMNAME>ZBRACC</DOMNAME>
     <VALPOS>0008</VALPOS>
     <DDLANGUAGE>E</DDLANGUAGE>
     <DOMVALUE_L>8</DOMVALUE_L>
     <DDTEXT>CERAMIC</DDTEXT>
    </DD07V>
    <DD07V>
     <DOMNAME>ZBRACC</DOMNAME>
     <VALPOS>0009</VALPOS>
     <DDLANGUAGE>E</DDLANGUAGE>
     <DOMVALUE_L>9</DOMVALUE_L>
     <DDTEXT>OTHER</DDTEXT>
    </DD07V>
    <DD07V>
     <DOMNAME>ZBRACC</DOMNAME>
     <VALPOS>0010</VALPOS>
     <DDLANGUAGE>E</DDLANGUAGE>
     <DOMVALUE_L>10</DOMVALUE_L>
     <DDTEXT>RUBBER</DDTEXT>
    </DD07V>
    <DD07V>
     <DOMNAME>ZBRACC</DOMNAME>
     <VALPOS>0011</VALPOS>
     <DDLANGUAGE>E</DDLANGUAGE>
     <DOMVALUE_L>11</DOMVALUE_L>
     <DDTEXT>SILK</DDTEXT>
    </DD07V>
    <DD07V>
     <DOMNAME>ZBRACC</DOMNAME>
     <VALPOS>0012</VALPOS>
     <DDLANGUAGE>E</DDLANGUAGE>
     <DOMVALUE_L>12</DOMVALUE_L>
     <DDTEXT>WITHOUT</DDTEXT>
    </DD07V>
    <DD07V>
     <DOMNAME>ZBRACC</DOMNAME>
     <VALPOS>0013</VALPOS>
     <DDLANGUAGE>E</DDLANGUAGE>
     <DOMVALUE_L>80</DOMVALUE_L>
     <DDTEXT>白色K金</DDTEXT>
    </DD07V>
    <DD07V>
     <DOMNAME>ZBRACC</DOMNAME>
     <VALPOS>0014</VALPOS>
     <DDLANGUAGE>E</DDLANGUAGE>
     <DOMVALUE_L>81</DOMVALUE_L>
     <DDTEXT>红色K金</DDTEXT>
    </DD07V>
    <DD07V>
     <DOMNAME>ZBRACC</DOMNAME>
     <VALPOS>0015</VALPOS>
     <DDLANGUAGE>E</DDLANGUAGE>
     <DOMVALUE_L>82</DOMVALUE_L>
     <DDTEXT>帆布带</DDTEXT>
    </DD07V>
    <DD07V>
     <DOMNAME>ZBRACC</DOMNAME>
     <VALPOS>0016</VALPOS>
     <DDLANGUAGE>E</DDLANGUAGE>
     <DOMVALUE_L>83</DOMVALUE_L>
     <DDTEXT>镶钻</DDTEXT>
    </DD07V>
    <DD07V>
     <DOMNAME>ZBRACC</DOMNAME>
     <VALPOS>0017</VALPOS>
     <DDLANGUAGE>E</DDLANGUAGE>
     <DOMVALUE_L>90</DOMVALUE_L>
     <DDTEXT>非原配</DDTEXT>
    </DD07V>
   </DD07V_TAB>
   <I18N_LANGS>
    <LANGU>1</LANGU>
   </I18N_LANGS>
   <DD01_TEXTS>
    <item>
     <DDLANGUAGE>1</DDLANGUAGE>
     <DDTEXT>表带材质</DDTEXT>
    </item>
   </DD01_TEXTS>
   <DD07_TEXTS>
    <item>
     <VALPOS>0001</VALPOS>
     <DDLANGUAGE>1</DDLANGUAGE>
     <DOMVALUE_L>1</DOMVALUE_L>
     <DDTEXT>钢</DDTEXT>
    </item>
    <item>
     <VALPOS>0002</VALPOS>
     <DDLANGUAGE>1</DDLANGUAGE>
     <DOMVALUE_L>2</DOMVALUE_L>
     <DDTEXT>镀金</DDTEXT>
    </item>
    <item>
     <VALPOS>0003</VALPOS>
     <DDLANGUAGE>1</DDLANGUAGE>
     <DOMVALUE_L>3</DOMVALUE_L>
     <DDTEXT>双色</DDTEXT>
    </item>
    <item>
     <VALPOS>0004</VALPOS>
     <DDLANGUAGE>1</DDLANGUAGE>
     <DOMVALUE_L>4</DOMVALUE_L>
     <DDTEXT>皮带</DDTEXT>
    </item>
    <item>
     <VALPOS>0005</VALPOS>
     <DDLANGUAGE>1</DDLANGUAGE>
     <DOMVALUE_L>5</DOMVALUE_L>
     <DDTEXT>黄色K金</DDTEXT>
    </item>
    <item>
     <VALPOS>0006</VALPOS>
     <DDLANGUAGE>1</DDLANGUAGE>
     <DOMVALUE_L>6</DOMVALUE_L>
     <DDTEXT>钛金属</DDTEXT>
    </item>
    <item>
     <VALPOS>0007</VALPOS>
     <DDLANGUAGE>1</DDLANGUAGE>
     <DOMVALUE_L>7</DOMVALUE_L>
     <DDTEXT>硬金属</DDTEXT>
    </item>
    <item>
     <VALPOS>0008</VALPOS>
     <DDLANGUAGE>1</DDLANGUAGE>
     <DOMVALUE_L>8</DOMVALUE_L>
     <DDTEXT>陶瓷</DDTEXT>
    </item>
    <item>
     <VALPOS>0009</VALPOS>
     <DDLANGUAGE>1</DDLANGUAGE>
     <DOMVALUE_L>9</DOMVALUE_L>
     <DDTEXT>其他</DDTEXT>
    </item>
    <item>
     <VALPOS>0010</VALPOS>
     <DDLANGUAGE>1</DDLANGUAGE>
     <DOMVALUE_L>10</DOMVALUE_L>
     <DDTEXT>塑胶/橡胶</DDTEXT>
    </item>
    <item>
     <VALPOS>0011</VALPOS>
     <DDLANGUAGE>1</DDLANGUAGE>
     <DOMVALUE_L>11</DOMVALUE_L>
     <DDTEXT>绢带</DDTEXT>
    </item>
    <item>
     <VALPOS>0012</VALPOS>
     <DDLANGUAGE>1</DDLANGUAGE>
     <DOMVALUE_L>12</DOMVALUE_L>
     <DDTEXT>无</DDTEXT>
    </item>
    <item>
     <VALPOS>0013</VALPOS>
     <DDLANGUAGE>1</DDLANGUAGE>
     <DOMVALUE_L>80</DOMVALUE_L>
     <DDTEXT>白色K金</DDTEXT>
    </item>
    <item>
     <VALPOS>0014</VALPOS>
     <DDLANGUAGE>1</DDLANGUAGE>
     <DOMVALUE_L>81</DOMVALUE_L>
     <DDTEXT>红色K金</DDTEXT>
    </item>
    <item>
     <VALPOS>0015</VALPOS>
     <DDLANGUAGE>1</DDLANGUAGE>
     <DOMVALUE_L>82</DOMVALUE_L>
     <DDTEXT>帆布带</DDTEXT>
    </item>
    <item>
     <VALPOS>0016</VALPOS>
     <DDLANGUAGE>1</DDLANGUAGE>
     <DOMVALUE_L>83</DOMVALUE_L>
     <DDTEXT>镶钻</DDTEXT>
    </item>
    <item>
     <VALPOS>0017</VALPOS>
     <DDLANGUAGE>1</DDLANGUAGE>
     <DOMVALUE_L>90</DOMVALUE_L>
     <DDTEXT>非原配</DDTEXT>
    </item>
   </DD07_TEXTS>
  </asx:values>
 </asx:abap>
</abapGit>
