﻿<?xml version="1.0" encoding="utf-8"?>
<abapGit version="v1.0.0" serializer="LCL_OBJECT_DTEL" serializer_version="v1.0.0">
 <asx:abap xmlns:asx="http://www.sap.com/abapxml" version="1.0">
  <asx:values>
   <DD04V>
    <ROLLNAME>ZBRAQT</ROLLNAME>
    <DDLANGUAGE>E</DDLANGUAGE>
    <DOMNAME>ZBRAQT</DOMNAME>
    <HEADLEN>20</HEADLEN>
    <SCRLEN1>10</SCRLEN1>
    <SCRLEN2>20</SCRLEN2>
    <SCRLEN3>20</SCRLEN3>
    <DDTEXT>Qty of links</DDTEXT>
    <REPTEXT>Qty of links</REPTEXT>
    <SCRTEXT_S>Qty of lk</SCRTEXT_S>
    <SCRTEXT_M>Qty of links</SCRTEXT_M>
    <SCRTEXT_L>Qty of links</SCRTEXT_L>
    <DTELMASTER>E</DTELMASTER>
    <REFKIND>D</REFKIND>
   </DD04V>
   <I18N_LANGS>
    <LANGU>1</LANGU>
   </I18N_LANGS>
   <DD04_TEXTS>
    <item>
     <DDLANGUAGE>1</DDLANGUAGE>
     <DDTEXT>表带节数(6H)</DDTEXT>
     <REPTEXT>表带节数(6H)</REPTEXT>
     <SCRTEXT_S>表带节(6H)</SCRTEXT_S>
     <SCRTEXT_M>表带节数(6H)</SCRTEXT_M>
     <SCRTEXT_L>表带节数(6H)</SCRTEXT_L>
    </item>
   </DD04_TEXTS>
  </asx:values>
 </asx:abap>
</abapGit>
