﻿<?xml version="1.0" encoding="utf-8"?>
<abapGit version="v1.0.0" serializer="LCL_OBJECT_DTEL" serializer_version="v1.0.0">
 <asx:abap xmlns:asx="http://www.sap.com/abapxml" version="1.0">
  <asx:values>
   <DD04V>
    <ROLLNAME>ZBRANR</ROLLNAME>
    <DDLANGUAGE>E</DDLANGUAGE>
    <DOMNAME>ZBRANR</DOMNAME>
    <HEADLEN>15</HEADLEN>
    <SCRLEN1>10</SCRLEN1>
    <SCRLEN2>15</SCRLEN2>
    <SCRLEN3>15</SCRLEN3>
    <DDTEXT>Bracelet No</DDTEXT>
    <REPTEXT>Bracelet No</REPTEXT>
    <SCRTEXT_S>BraceletNo</SCRTEXT_S>
    <SCRTEXT_M>Bracelet No</SCRTEXT_M>
    <SCRTEXT_L>Bracelet No</SCRTEXT_L>
    <DTELMASTER>E</DTELMASTER>
    <REFKIND>D</REFKIND>
   </DD04V>
   <I18N_LANGS>
    <LANGU>1</LANGU>
   </I18N_LANGS>
   <DD04_TEXTS>
    <item>
     <DDLANGUAGE>1</DDLANGUAGE>
     <DDTEXT>表带号</DDTEXT>
     <REPTEXT>表带号</REPTEXT>
     <SCRTEXT_S>表带号</SCRTEXT_S>
     <SCRTEXT_M>表带号</SCRTEXT_M>
     <SCRTEXT_L>表带号</SCRTEXT_L>
    </item>
   </DD04_TEXTS>
  </asx:values>
 </asx:abap>
</abapGit>
