﻿<?xml version="1.0" encoding="utf-8"?>
<abapGit version="v1.0.0" serializer="LCL_OBJECT_DTEL" serializer_version="v1.0.0">
 <asx:abap xmlns:asx="http://www.sap.com/abapxml" version="1.0">
  <asx:values>
   <DD04V>
    <ROLLNAME>ZBRACC</ROLLNAME>
    <DDLANGUAGE>E</DDLANGUAGE>
    <DOMNAME>ZBRACC</DOMNAME>
    <HEADLEN>20</HEADLEN>
    <SCRLEN1>10</SCRLEN1>
    <SCRLEN2>20</SCRLEN2>
    <SCRLEN3>20</SCRLEN3>
    <DDTEXT>Bracelet code</DDTEXT>
    <REPTEXT>Bracelet code</REPTEXT>
    <SCRTEXT_S>Bracelet</SCRTEXT_S>
    <SCRTEXT_M>Bracelet code</SCRTEXT_M>
    <SCRTEXT_L>Bracelet code</SCRTEXT_L>
    <DTELMASTER>E</DTELMASTER>
    <REFKIND>D</REFKIND>
   </DD04V>
   <I18N_LANGS>
    <LANGU>1</LANGU>
   </I18N_LANGS>
   <DD04_TEXTS>
    <item>
     <DDLANGUAGE>1</DDLANGUAGE>
     <DDTEXT>表带材质</DDTEXT>
     <REPTEXT>表带材质</REPTEXT>
     <SCRTEXT_S>表带材质</SCRTEXT_S>
     <SCRTEXT_M>表带材质</SCRTEXT_M>
     <SCRTEXT_L>表带材质</SCRTEXT_L>
    </item>
   </DD04_TEXTS>
  </asx:values>
 </asx:abap>
</abapGit>
