﻿<?xml version="1.0" encoding="utf-8"?>
<abapGit version="v1.0.0" serializer="LCL_OBJECT_DTEL" serializer_version="v1.0.0">
 <asx:abap xmlns:asx="http://www.sap.com/abapxml" version="1.0">
  <asx:values>
   <DD04V>
    <ROLLNAME>ZCALSNR</ROLLNAME>
    <DDLANGUAGE>E</DDLANGUAGE>
    <DOMNAME>CHAR18</DOMNAME>
    <HEADLEN>18</HEADLEN>
    <SCRLEN1>10</SCRLEN1>
    <SCRLEN2>18</SCRLEN2>
    <SCRLEN3>18</SCRLEN3>
    <DDTEXT>Movement SN</DDTEXT>
    <REPTEXT>Movement SN</REPTEXT>
    <SCRTEXT_S>MovementSN</SCRTEXT_S>
    <SCRTEXT_M>Movement SN</SCRTEXT_M>
    <SCRTEXT_L>Movement SN</SCRTEXT_L>
    <DTELMASTER>E</DTELMASTER>
    <REFKIND>D</REFKIND>
   </DD04V>
   <I18N_LANGS>
    <LANGU>1</LANGU>
   </I18N_LANGS>
   <DD04_TEXTS>
    <item>
     <DDLANGUAGE>1</DDLANGUAGE>
     <DDTEXT>机芯序列号</DDTEXT>
     <REPTEXT>机芯序列号</REPTEXT>
     <SCRTEXT_S>机芯序列号</SCRTEXT_S>
     <SCRTEXT_M>机芯序列号</SCRTEXT_M>
     <SCRTEXT_L>机芯序列号</SCRTEXT_L>
    </item>
   </DD04_TEXTS>
  </asx:values>
 </asx:abap>
</abapGit>
