﻿<?xml version="1.0" encoding="utf-8"?>
<abapGit version="v1.0.0" serializer="LCL_OBJECT_DTEL" serializer_version="v1.0.0">
 <asx:abap xmlns:asx="http://www.sap.com/abapxml" version="1.0">
  <asx:values>
   <DD04V>
    <ROLLNAME>ZCASNR</ROLLNAME>
    <DDLANGUAGE>E</DDLANGUAGE>
    <DOMNAME>ZCASNR</DOMNAME>
    <HEADLEN>10</HEADLEN>
    <SCRLEN1>10</SCRLEN1>
    <SCRLEN2>10</SCRLEN2>
    <SCRLEN3>10</SCRLEN3>
    <DDTEXT>Case No.</DDTEXT>
    <REPTEXT>Case No.</REPTEXT>
    <SCRTEXT_S>Case No.</SCRTEXT_S>
    <SCRTEXT_M>Case No.</SCRTEXT_M>
    <SCRTEXT_L>Case No.</SCRTEXT_L>
    <DTELMASTER>E</DTELMASTER>
    <REFKIND>D</REFKIND>
   </DD04V>
   <I18N_LANGS>
    <LANGU>1</LANGU>
   </I18N_LANGS>
   <DD04_TEXTS>
    <item>
     <DDLANGUAGE>1</DDLANGUAGE>
     <DDTEXT>表壳号</DDTEXT>
     <REPTEXT>表壳号</REPTEXT>
     <SCRTEXT_S>表壳号</SCRTEXT_S>
     <SCRTEXT_M>表壳号</SCRTEXT_M>
     <SCRTEXT_L>表壳号</SCRTEXT_L>
    </item>
   </DD04_TEXTS>
  </asx:values>
 </asx:abap>
</abapGit>
