﻿<?xml version="1.0" encoding="utf-8"?>
<abapGit version="v1.0.0" serializer="LCL_OBJECT_DTEL" serializer_version="v1.0.0">
 <asx:abap xmlns:asx="http://www.sap.com/abapxml" version="1.0">
  <asx:values>
   <DD04V>
    <ROLLNAME>ZCATEGO</ROLLNAME>
    <DDLANGUAGE>E</DDLANGUAGE>
    <DOMNAME>ZCATEGO</DOMNAME>
    <HEADLEN>25</HEADLEN>
    <SCRLEN1>10</SCRLEN1>
    <SCRLEN2>20</SCRLEN2>
    <SCRLEN3>25</SCRLEN3>
    <DDTEXT>aCSis: Price category</DDTEXT>
    <REPTEXT>aCSis: Price category</REPTEXT>
    <SCRTEXT_S>Price cate</SCRTEXT_S>
    <SCRTEXT_M>aCSis: PriceCategory</SCRTEXT_M>
    <SCRTEXT_L>aCSis: Price category</SCRTEXT_L>
    <DTELMASTER>E</DTELMASTER>
    <REFKIND>D</REFKIND>
   </DD04V>
  </asx:values>
 </asx:abap>
</abapGit>
