﻿<?xml version="1.0" encoding="utf-8"?>
<abapGit version="v1.0.0" serializer="LCL_OBJECT_DTEL" serializer_version="v1.0.0">
 <asx:abap xmlns:asx="http://www.sap.com/abapxml" version="1.0">
  <asx:values>
   <DD04V>
    <ROLLNAME>ZCAT</ROLLNAME>
    <DDLANGUAGE>E</DDLANGUAGE>
    <DOMNAME>ZCAT</DOMNAME>
    <MEMORYID>ZCAT</MEMORYID>
    <LOGFLAG>X</LOGFLAG>
    <HEADLEN>10</HEADLEN>
    <SCRLEN1>10</SCRLEN1>
    <SCRLEN2>10</SCRLEN2>
    <SCRLEN3>10</SCRLEN3>
    <DDTEXT>Category</DDTEXT>
    <REPTEXT>Category</REPTEXT>
    <SCRTEXT_S>Category</SCRTEXT_S>
    <SCRTEXT_M>Category</SCRTEXT_M>
    <SCRTEXT_L>Category</SCRTEXT_L>
    <DTELMASTER>E</DTELMASTER>
    <SHLPNAME>ZCS_CAT</SHLPNAME>
    <SHLPFIELD>ZCAT</SHLPFIELD>
    <REFKIND>D</REFKIND>
   </DD04V>
   <TPARA>
    <PARAMID>ZCAT</PARAMID>
    <PARTEXT>CS: Category</PARTEXT>
   </TPARA>
   <I18N_LANGS>
    <LANGU>1</LANGU>
   </I18N_LANGS>
   <DD04_TEXTS>
    <item>
     <DDLANGUAGE>1</DDLANGUAGE>
     <DDTEXT>类别</DDTEXT>
     <REPTEXT>类别</REPTEXT>
     <SCRTEXT_S>类别</SCRTEXT_S>
     <SCRTEXT_M>类别</SCRTEXT_M>
     <SCRTEXT_L>类别</SCRTEXT_L>
    </item>
   </DD04_TEXTS>
  </asx:values>
 </asx:abap>
</abapGit>
