﻿<?xml version="1.0" encoding="utf-8"?>
<abapGit version="v1.0.0" serializer="LCL_OBJECT_DTEL" serializer_version="v1.0.0">
 <asx:abap xmlns:asx="http://www.sap.com/abapxml" version="1.0">
  <asx:values>
   <DD04V>
    <ROLLNAME>ZCATGRP</ROLLNAME>
    <DDLANGUAGE>E</DDLANGUAGE>
    <DOMNAME>ZCATGRP</DOMNAME>
    <HEADLEN>22</HEADLEN>
    <SCRLEN1>10</SCRLEN1>
    <SCRLEN2>20</SCRLEN2>
    <SCRLEN3>22</SCRLEN3>
    <DDTEXT>aCSis: Category Group</DDTEXT>
    <REPTEXT>aCSis: Category Group</REPTEXT>
    <SCRTEXT_S>Cate Group</SCRTEXT_S>
    <SCRTEXT_M>aCSis: CategoryGroup</SCRTEXT_M>
    <SCRTEXT_L>aCSis: Category Group</SCRTEXT_L>
    <DTELMASTER>E</DTELMASTER>
    <REFKIND>D</REFKIND>
   </DD04V>
  </asx:values>
 </asx:abap>
</abapGit>
