﻿<?xml version="1.0" encoding="utf-8"?>
<abapGit version="v1.0.0" serializer="LCL_OBJECT_CLAS" serializer_version="v1.0.0">
 <asx:abap xmlns:asx="http://www.sap.com/abapxml" version="1.0">
  <asx:values>
   <VSEOCLASS>
    <CLSNAME>ZCL_ZCS_PICK_CONFIRM_DPC</CLSNAME>
    <VERSION>1</VERSION>
    <LANGU>E</LANGU>
    <DESCRIPT>Data Provider Base Class</DESCRIPT>
    <EXPOSURE>2</EXPOSURE>
    <STATE>1</STATE>
    <CLSABSTRCT>X</CLSABSTRCT>
    <CLSCCINCL>X</CLSCCINCL>
    <FIXPT>X</FIXPT>
    <UNICODE>X</UNICODE>
   </VSEOCLASS>
   <DESCRIPTIONS>
    <SEOCOMPOTX>
     <CLSNAME>ZCL_ZCS_PICK_CONFIRM_DPC</CLSNAME>
     <CMPNAME>PDFSET_CREATE_ENTITY</CMPNAME>
     <LANGU>E</LANGU>
     <DESCRIPT>Related EntitySet Name: pdfSet</DESCRIPT>
    </SEOCOMPOTX>
    <SEOCOMPOTX>
     <CLSNAME>ZCL_ZCS_PICK_CONFIRM_DPC</CLSNAME>
     <CMPNAME>PDFSET_DELETE_ENTITY</CMPNAME>
     <LANGU>E</LANGU>
     <DESCRIPT>Related EntitySet Name: pdfSet</DESCRIPT>
    </SEOCOMPOTX>
    <SEOCOMPOTX>
     <CLSNAME>ZCL_ZCS_PICK_CONFIRM_DPC</CLSNAME>
     <CMPNAME>PDFSET_GET_ENTITY</CMPNAME>
     <LANGU>E</LANGU>
     <DESCRIPT>Related EntitySet Name: pdfSet</DESCRIPT>
    </SEOCOMPOTX>
    <SEOCOMPOTX>
     <CLSNAME>ZCL_ZCS_PICK_CONFIRM_DPC</CLSNAME>
     <CMPNAME>PDFSET_GET_ENTITYSET</CMPNAME>
     <LANGU>E</LANGU>
     <DESCRIPT>Related EntitySet Name: pdfSet</DESCRIPT>
    </SEOCOMPOTX>
    <SEOCOMPOTX>
     <CLSNAME>ZCL_ZCS_PICK_CONFIRM_DPC</CLSNAME>
     <CMPNAME>PDFSET_UPDATE_ENTITY</CMPNAME>
     <LANGU>E</LANGU>
     <DESCRIPT>Related EntitySet Name: pdfSet</DESCRIPT>
    </SEOCOMPOTX>
    <SEOCOMPOTX>
     <CLSNAME>ZCL_ZCS_PICK_CONFIRM_DPC</CLSNAME>
     <CMPNAME>PICK_HSET_CREATE_ENTITY</CMPNAME>
     <LANGU>1</LANGU>
     <DESCRIPT>  pick_hSet</DESCRIPT>
    </SEOCOMPOTX>
    <SEOCOMPOTX>
     <CLSNAME>ZCL_ZCS_PICK_CONFIRM_DPC</CLSNAME>
     <CMPNAME>PICK_HSET_CREATE_ENTITY</CMPNAME>
     <LANGU>E</LANGU>
     <DESCRIPT>Related EntitySet Name: pick_hSet</DESCRIPT>
    </SEOCOMPOTX>
    <SEOCOMPOTX>
     <CLSNAME>ZCL_ZCS_PICK_CONFIRM_DPC</CLSNAME>
     <CMPNAME>PICK_HSET_DELETE_ENTITY</CMPNAME>
     <LANGU>1</LANGU>
     <DESCRIPT>  pick_hSet</DESCRIPT>
    </SEOCOMPOTX>
    <SEOCOMPOTX>
     <CLSNAME>ZCL_ZCS_PICK_CONFIRM_DPC</CLSNAME>
     <CMPNAME>PICK_HSET_DELETE_ENTITY</CMPNAME>
     <LANGU>E</LANGU>
     <DESCRIPT>Related EntitySet Name: pick_hSet</DESCRIPT>
    </SEOCOMPOTX>
    <SEOCOMPOTX>
     <CLSNAME>ZCL_ZCS_PICK_CONFIRM_DPC</CLSNAME>
     <CMPNAME>PICK_HSET_GET_ENTITY</CMPNAME>
     <LANGU>1</LANGU>
     <DESCRIPT>  pick_hSet</DESCRIPT>
    </SEOCOMPOTX>
    <SEOCOMPOTX>
     <CLSNAME>ZCL_ZCS_PICK_CONFIRM_DPC</CLSNAME>
     <CMPNAME>PICK_HSET_GET_ENTITY</CMPNAME>
     <LANGU>E</LANGU>
     <DESCRIPT>Related EntitySet Name: pick_hSet</DESCRIPT>
    </SEOCOMPOTX>
    <SEOCOMPOTX>
     <CLSNAME>ZCL_ZCS_PICK_CONFIRM_DPC</CLSNAME>
     <CMPNAME>PICK_HSET_GET_ENTITYSET</CMPNAME>
     <LANGU>1</LANGU>
     <DESCRIPT>  pick_hSet</DESCRIPT>
    </SEOCOMPOTX>
    <SEOCOMPOTX>
     <CLSNAME>ZCL_ZCS_PICK_CONFIRM_DPC</CLSNAME>
     <CMPNAME>PICK_HSET_GET_ENTITYSET</CMPNAME>
     <LANGU>E</LANGU>
     <DESCRIPT>Related EntitySet Name: pick_hSet</DESCRIPT>
    </SEOCOMPOTX>
    <SEOCOMPOTX>
     <CLSNAME>ZCL_ZCS_PICK_CONFIRM_DPC</CLSNAME>
     <CMPNAME>PICK_HSET_UPDATE_ENTITY</CMPNAME>
     <LANGU>1</LANGU>
     <DESCRIPT>  pick_hSet</DESCRIPT>
    </SEOCOMPOTX>
    <SEOCOMPOTX>
     <CLSNAME>ZCL_ZCS_PICK_CONFIRM_DPC</CLSNAME>
     <CMPNAME>PICK_HSET_UPDATE_ENTITY</CMPNAME>
     <LANGU>E</LANGU>
     <DESCRIPT>Related EntitySet Name: pick_hSet</DESCRIPT>
    </SEOCOMPOTX>
    <SEOCOMPOTX>
     <CLSNAME>ZCL_ZCS_PICK_CONFIRM_DPC</CLSNAME>
     <CMPNAME>PICK_ISET_CREATE_ENTITY</CMPNAME>
     <LANGU>1</LANGU>
     <DESCRIPT>  pick_iSet</DESCRIPT>
    </SEOCOMPOTX>
    <SEOCOMPOTX>
     <CLSNAME>ZCL_ZCS_PICK_CONFIRM_DPC</CLSNAME>
     <CMPNAME>PICK_ISET_CREATE_ENTITY</CMPNAME>
     <LANGU>E</LANGU>
     <DESCRIPT>Related EntitySet Name: pick_iSet</DESCRIPT>
    </SEOCOMPOTX>
    <SEOCOMPOTX>
     <CLSNAME>ZCL_ZCS_PICK_CONFIRM_DPC</CLSNAME>
     <CMPNAME>PICK_ISET_DELETE_ENTITY</CMPNAME>
     <LANGU>1</LANGU>
     <DESCRIPT>  pick_iSet</DESCRIPT>
    </SEOCOMPOTX>
    <SEOCOMPOTX>
     <CLSNAME>ZCL_ZCS_PICK_CONFIRM_DPC</CLSNAME>
     <CMPNAME>PICK_ISET_DELETE_ENTITY</CMPNAME>
     <LANGU>E</LANGU>
     <DESCRIPT>Related EntitySet Name: pick_iSet</DESCRIPT>
    </SEOCOMPOTX>
    <SEOCOMPOTX>
     <CLSNAME>ZCL_ZCS_PICK_CONFIRM_DPC</CLSNAME>
     <CMPNAME>PICK_ISET_GET_ENTITY</CMPNAME>
     <LANGU>1</LANGU>
     <DESCRIPT>  pick_iSet</DESCRIPT>
    </SEOCOMPOTX>
    <SEOCOMPOTX>
     <CLSNAME>ZCL_ZCS_PICK_CONFIRM_DPC</CLSNAME>
     <CMPNAME>PICK_ISET_GET_ENTITY</CMPNAME>
     <LANGU>E</LANGU>
     <DESCRIPT>Related EntitySet Name: pick_iSet</DESCRIPT>
    </SEOCOMPOTX>
    <SEOCOMPOTX>
     <CLSNAME>ZCL_ZCS_PICK_CONFIRM_DPC</CLSNAME>
     <CMPNAME>PICK_ISET_GET_ENTITYSET</CMPNAME>
     <LANGU>1</LANGU>
     <DESCRIPT>  pick_iSet</DESCRIPT>
    </SEOCOMPOTX>
    <SEOCOMPOTX>
     <CLSNAME>ZCL_ZCS_PICK_CONFIRM_DPC</CLSNAME>
     <CMPNAME>PICK_ISET_GET_ENTITYSET</CMPNAME>
     <LANGU>E</LANGU>
     <DESCRIPT>Related EntitySet Name: pick_iSet</DESCRIPT>
    </SEOCOMPOTX>
    <SEOCOMPOTX>
     <CLSNAME>ZCL_ZCS_PICK_CONFIRM_DPC</CLSNAME>
     <CMPNAME>PICK_ISET_UPDATE_ENTITY</CMPNAME>
     <LANGU>1</LANGU>
     <DESCRIPT>  pick_iSet</DESCRIPT>
    </SEOCOMPOTX>
    <SEOCOMPOTX>
     <CLSNAME>ZCL_ZCS_PICK_CONFIRM_DPC</CLSNAME>
     <CMPNAME>PICK_ISET_UPDATE_ENTITY</CMPNAME>
     <LANGU>E</LANGU>
     <DESCRIPT>Related EntitySet Name: pick_iSet</DESCRIPT>
    </SEOCOMPOTX>
   </DESCRIPTIONS>
  </asx:values>
 </asx:abap>
</abapGit>
