﻿<?xml version="1.0" encoding="utf-8"?>
<abapGit version="v1.0.0" serializer="LCL_OBJECT_CLAS" serializer_version="v1.0.0">
 <asx:abap xmlns:asx="http://www.sap.com/abapxml" version="1.0">
  <asx:values>
   <VSEOCLASS>
    <CLSNAME>ZCL_ZCS_STOCK_TAKING_MPC</CLSNAME>
    <VERSION>1</VERSION>
    <LANGU>E</LANGU>
    <DESCRIPT>ZCL_ZCS_STOCK_TAKING_MPC</DESCRIPT>
    <EXPOSURE>2</EXPOSURE>
    <STATE>1</STATE>
    <CLSCCINCL>X</CLSCCINCL>
    <FIXPT>X</FIXPT>
    <UNICODE>X</UNICODE>
   </VSEOCLASS>
   <TPOOL>
    <item>
     <ID>I</ID>
     <KEY>001</KEY>
     <ENTRY>matnr</ENTRY>
     <LENGTH>132</LENGTH>
    </item>
   </TPOOL>
   <DESCRIPTIONS>
    <SEOCOMPOTX>
     <CLSNAME>ZCL_ZCS_STOCK_TAKING_MPC</CLSNAME>
     <CMPNAME>DEFINE_ACTIONS</CMPNAME>
     <LANGU>E</LANGU>
     <DESCRIPT>DEFINE_ACTIONS</DESCRIPT>
    </SEOCOMPOTX>
    <SEOCOMPOTX>
     <CLSNAME>ZCL_ZCS_STOCK_TAKING_MPC</CLSNAME>
     <CMPNAME>DEFINE_ASSOCIATIONS</CMPNAME>
     <LANGU>E</LANGU>
     <DESCRIPT>DEFINE_ASSOCIATIONS</DESCRIPT>
    </SEOCOMPOTX>
    <SEOCOMPOTX>
     <CLSNAME>ZCL_ZCS_STOCK_TAKING_MPC</CLSNAME>
     <CMPNAME>DEFINE_COMPLEXTYPES</CMPNAME>
     <LANGU>E</LANGU>
     <DESCRIPT>DEFINE_COMPLEXTYPES</DESCRIPT>
    </SEOCOMPOTX>
    <SEOCOMPOTX>
     <CLSNAME>ZCL_ZCS_STOCK_TAKING_MPC</CLSNAME>
     <CMPNAME>DEFINE_MI04_HEAD</CMPNAME>
     <LANGU>E</LANGU>
     <DESCRIPT>DEFINE_MI04_HEAD</DESCRIPT>
    </SEOCOMPOTX>
    <SEOCOMPOTX>
     <CLSNAME>ZCL_ZCS_STOCK_TAKING_MPC</CLSNAME>
     <CMPNAME>DEFINE_MI04_ITEM</CMPNAME>
     <LANGU>E</LANGU>
     <DESCRIPT>DEFINE_MI04_ITEM</DESCRIPT>
    </SEOCOMPOTX>
    <SEOCOMPOTX>
     <CLSNAME>ZCL_ZCS_STOCK_TAKING_MPC</CLSNAME>
     <CMPNAME>DEFINE_MI09_HEAD</CMPNAME>
     <LANGU>E</LANGU>
     <DESCRIPT>DEFINE_MI09_HEAD</DESCRIPT>
    </SEOCOMPOTX>
    <SEOCOMPOTX>
     <CLSNAME>ZCL_ZCS_STOCK_TAKING_MPC</CLSNAME>
     <CMPNAME>DEFINE_MI09_ITEM</CMPNAME>
     <LANGU>E</LANGU>
     <DESCRIPT>DEFINE_MI09_ITEM</DESCRIPT>
    </SEOCOMPOTX>
    <SEOCOMPOTX>
     <CLSNAME>ZCL_ZCS_STOCK_TAKING_MPC</CLSNAME>
     <CMPNAME>LOAD_TEXT_ELEMENTS</CMPNAME>
     <LANGU>E</LANGU>
     <DESCRIPT>LOAD_TEXT_ELEMENTS</DESCRIPT>
    </SEOCOMPOTX>
   </DESCRIPTIONS>
  </asx:values>
 </asx:abap>
</abapGit>
