﻿<?xml version="1.0" encoding="utf-8"?>
<abapGit version="v1.0.0" serializer="LCL_OBJECT_CLAS" serializer_version="v1.0.0">
 <asx:abap xmlns:asx="http://www.sap.com/abapxml" version="1.0">
  <asx:values>
   <VSEOCLASS>
    <CLSNAME>ZCL_ZCS_PICK_CONFIRM_DPC_EXT</CLSNAME>
    <VERSION>1</VERSION>
    <LANGU>1</LANGU>
    <EXPOSURE>2</EXPOSURE>
    <STATE>1</STATE>
    <CLSCCINCL>X</CLSCCINCL>
    <FIXPT>X</FIXPT>
    <UNICODE>X</UNICODE>
   </VSEOCLASS>
   <DESCRIPTIONS>
    <SEOCOMPOTX>
     <CLSNAME>ZCL_ZCS_PICK_CONFIRM_DPC_EXT</CLSNAME>
     <CMPNAME>PICK_HSET_GET</CMPNAME>
     <LANGU>1</LANGU>
     <DESCRIPT>  pick_hSet</DESCRIPT>
    </SEOCOMPOTX>
    <SEOCOMPOTX>
     <CLSNAME>ZCL_ZCS_PICK_CONFIRM_DPC_EXT</CLSNAME>
     <CMPNAME>PICK_ISET_GET</CMPNAME>
     <LANGU>1</LANGU>
     <DESCRIPT>  pick_iSet</DESCRIPT>
    </SEOCOMPOTX>
   </DESCRIPTIONS>
  </asx:values>
 </asx:abap>
</abapGit>
