﻿<?xml version="1.0" encoding="utf-8"?>
<abapGit version="v1.0.0" serializer="LCL_OBJECT_DTEL" serializer_version="v1.0.0">
 <asx:abap xmlns:asx="http://www.sap.com/abapxml" version="1.0">
  <asx:values>
   <DD04V>
    <ROLLNAME>ZCLASP_CHK</ROLLNAME>
    <DDLANGUAGE>E</DDLANGUAGE>
    <DOMNAME>FLAG</DOMNAME>
    <HEADLEN>40</HEADLEN>
    <SCRLEN1>10</SCRLEN1>
    <SCRLEN2>20</SCRLEN2>
    <SCRLEN3>30</SCRLEN3>
    <DDTEXT>Clasp/buckle check</DDTEXT>
    <REPTEXT>Clasp/buckle check</REPTEXT>
    <SCRTEXT_S>Clasp/buck</SCRTEXT_S>
    <SCRTEXT_M>Clasp/buckle check</SCRTEXT_M>
    <SCRTEXT_L>Clasp/buckle check</SCRTEXT_L>
    <DTELMASTER>E</DTELMASTER>
    <REFKIND>D</REFKIND>
   </DD04V>
   <I18N_LANGS>
    <LANGU>1</LANGU>
   </I18N_LANGS>
   <DD04_TEXTS>
    <item>
     <DDLANGUAGE>1</DDLANGUAGE>
     <DDTEXT>针扣/折叠扣</DDTEXT>
     <REPTEXT>针扣/折叠扣</REPTEXT>
     <SCRTEXT_S>针扣/叠扣</SCRTEXT_S>
     <SCRTEXT_M>针扣/折叠扣</SCRTEXT_M>
     <SCRTEXT_L>针扣/折叠扣</SCRTEXT_L>
    </item>
   </DD04_TEXTS>
  </asx:values>
 </asx:abap>
</abapGit>
