﻿<?xml version="1.0" encoding="utf-8"?>
<abapGit version="v1.0.0" serializer="LCL_OBJECT_DTEL" serializer_version="v1.0.0">
 <asx:abap xmlns:asx="http://www.sap.com/abapxml" version="1.0">
  <asx:values>
   <DD04V>
    <ROLLNAME>ZCOLLT</ROLLNAME>
    <DDLANGUAGE>E</DDLANGUAGE>
    <DOMNAME>ZCOLLT</DOMNAME>
    <MEMORYID>ZCOLLT</MEMORYID>
    <HEADLEN>32</HEADLEN>
    <SCRLEN1>10</SCRLEN1>
    <SCRLEN2>20</SCRLEN2>
    <SCRLEN3>32</SCRLEN3>
    <DDTEXT>Collection preference drop list</DDTEXT>
    <REPTEXT>Collection preference drop list</REPTEXT>
    <SCRTEXT_S>Collection</SCRTEXT_S>
    <SCRTEXT_M>CollectionPreference</SCRTEXT_M>
    <SCRTEXT_L>Collection preference drop list</SCRTEXT_L>
    <DTELMASTER>E</DTELMASTER>
    <REFKIND>D</REFKIND>
   </DD04V>
   <TPARA>
    <PARAMID>ZCOLLT</PARAMID>
    <PARTEXT>Collection Type</PARTEXT>
   </TPARA>
   <I18N_LANGS>
    <LANGU>1</LANGU>
   </I18N_LANGS>
   <DD04_TEXTS>
    <item>
     <DDLANGUAGE>1</DDLANGUAGE>
     <DDTEXT>取表方式</DDTEXT>
     <REPTEXT>取表方式</REPTEXT>
     <SCRTEXT_S>取表方式</SCRTEXT_S>
     <SCRTEXT_M>取表方式</SCRTEXT_M>
     <SCRTEXT_L>取表方式</SCRTEXT_L>
    </item>
   </DD04_TEXTS>
  </asx:values>
 </asx:abap>
</abapGit>
