﻿<?xml version="1.0" encoding="utf-8"?>
<abapGit version="v1.0.0" serializer="LCL_OBJECT_DTEL" serializer_version="v1.0.0">
 <asx:abap xmlns:asx="http://www.sap.com/abapxml" version="1.0">
  <asx:values>
   <DD04V>
    <ROLLNAME>ZCOMM</ROLLNAME>
    <DDLANGUAGE>E</DDLANGUAGE>
    <DOMNAME>ZCOMM</DOMNAME>
    <MEMORYID>ZCOMM</MEMORYID>
    <HEADLEN>20</HEADLEN>
    <SCRLEN1>10</SCRLEN1>
    <SCRLEN2>20</SCRLEN2>
    <SCRLEN3>20</SCRLEN3>
    <DDTEXT>Commuication method</DDTEXT>
    <REPTEXT>Commuication method</REPTEXT>
    <SCRTEXT_S>Com.Method</SCRTEXT_S>
    <SCRTEXT_M>Commuication method</SCRTEXT_M>
    <SCRTEXT_L>Commuication method</SCRTEXT_L>
    <DTELMASTER>E</DTELMASTER>
    <REFKIND>D</REFKIND>
   </DD04V>
   <TPARA>
    <PARAMID>ZCOMM</PARAMID>
    <PARTEXT>Communication channel</PARTEXT>
   </TPARA>
   <I18N_LANGS>
    <LANGU>1</LANGU>
   </I18N_LANGS>
   <DD04_TEXTS>
    <item>
     <DDLANGUAGE>1</DDLANGUAGE>
     <DDTEXT>沟通方式</DDTEXT>
     <REPTEXT>沟通方式</REPTEXT>
     <SCRTEXT_S>沟通方式</SCRTEXT_S>
     <SCRTEXT_M>沟通方式</SCRTEXT_M>
     <SCRTEXT_L>沟通方式</SCRTEXT_L>
    </item>
   </DD04_TEXTS>
  </asx:values>
 </asx:abap>
</abapGit>
