﻿<?xml version="1.0" encoding="utf-8"?>
<abapGit version="v1.0.0" serializer="LCL_OBJECT_CLAS" serializer_version="v1.0.0">
 <asx:abap xmlns:asx="http://www.sap.com/abapxml" version="1.0">
  <asx:values>
   <VSEOCLASS>
    <CLSNAME>ZCSCO_SAP_WEB_SERVICE_SOAP1</CLSNAME>
    <VERSION>1</VERSION>
    <LANGU>E</LANGU>
    <DESCRIPT>Proxy Class (generated)</DESCRIPT>
    <EXPOSURE>2</EXPOSURE>
    <STATE>1</STATE>
    <CLSCCINCL>X</CLSCCINCL>
    <FIXPT>X</FIXPT>
    <UNICODE>X</UNICODE>
    <RSTAT>P</RSTAT>
    <CLSPROXY>X</CLSPROXY>
   </VSEOCLASS>
   <DESCRIPTIONS>
    <SEOCOMPOTX>
     <CLSNAME>ZCSCO_SAP_WEB_SERVICE_SOAP1</CLSNAME>
     <CMPNAME>ESTIMATION_INFO</CMPNAME>
     <LANGU>E</LANGU>
     <DESCRIPT>SAP推送报价信息，成功返回1，失败返回失败原因。</DESCRIPT>
    </SEOCOMPOTX>
    <SEOCOMPOTX>
     <CLSNAME>ZCSCO_SAP_WEB_SERVICE_SOAP1</CLSNAME>
     <CMPNAME>SAP_USER_CHECK</CMPNAME>
     <LANGU>E</LANGU>
     <DESCRIPT>检查用户，存在返回 1，不存在返回0。</DESCRIPT>
    </SEOCOMPOTX>
    <SEOCOMPOTX>
     <CLSNAME>ZCSCO_SAP_WEB_SERVICE_SOAP1</CLSNAME>
     <CMPNAME>SERVICE_INFO</CMPNAME>
     <LANGU>E</LANGU>
     <DESCRIPT>SAP推送服务信息，成功返回1，失败返回失败原因。</DESCRIPT>
    </SEOCOMPOTX>
   </DESCRIPTIONS>
  </asx:values>
 </asx:abap>
</abapGit>
