﻿<?xml version="1.0" encoding="utf-8"?>
<abapGit version="v1.0.0" serializer="LCL_OBJECT_DOMA" serializer_version="v1.0.0">
 <asx:abap xmlns:asx="http://www.sap.com/abapxml" version="1.0">
  <asx:values>
   <DD01V>
    <DOMNAME>ZD_DEC6_2</DOMNAME>
    <DDLANGUAGE>E</DDLANGUAGE>
    <DATATYPE>DEC</DATATYPE>
    <LENG>000006</LENG>
    <OUTPUTLEN>000009</OUTPUTLEN>
    <DECIMALS>000002</DECIMALS>
    <SIGNFLAG>X</SIGNFLAG>
    <DDTEXT>Decimal 6,2 with sign</DDTEXT>
   </DD01V>
  </asx:values>
 </asx:abap>
</abapGit>
