﻿<?xml version="1.0" encoding="utf-8"?>
<abapGit version="v1.0.0" serializer="LCL_OBJECT_DTEL" serializer_version="v1.0.0">
 <asx:abap xmlns:asx="http://www.sap.com/abapxml" version="1.0">
  <asx:values>
   <DD04V>
    <ROLLNAME>ZDAYNUM</ROLLNAME>
    <DOMNAME>ZDAYNUM</DOMNAME>
    <HEADLEN>10</HEADLEN>
    <SCRLEN1>04</SCRLEN1>
    <SCRLEN2>10</SCRLEN2>
    <SCRLEN3>10</SCRLEN3>
    <DTELMASTER>1</DTELMASTER>
    <REFKIND>D</REFKIND>
   </DD04V>
   <I18N_LANGS>
    <LANGU>1</LANGU>
   </I18N_LANGS>
   <DD04_TEXTS>
    <item>
     <DDLANGUAGE>1</DDLANGUAGE>
     <DDTEXT>天数</DDTEXT>
     <REPTEXT>天数</REPTEXT>
     <SCRTEXT_S>天数</SCRTEXT_S>
     <SCRTEXT_M>天数</SCRTEXT_M>
     <SCRTEXT_L>天数</SCRTEXT_L>
    </item>
   </DD04_TEXTS>
  </asx:values>
 </asx:abap>
</abapGit>
