﻿<?xml version="1.0" encoding="utf-8"?>
<abapGit version="v1.0.0" serializer="LCL_OBJECT_DTEL" serializer_version="v1.0.0">
 <asx:abap xmlns:asx="http://www.sap.com/abapxml" version="1.0">
  <asx:values>
   <DD04V>
    <ROLLNAME>ZDCOLOR</ROLLNAME>
    <DDLANGUAGE>E</DDLANGUAGE>
    <DOMNAME>ZDCOLOR</DOMNAME>
    <HEADLEN>10</HEADLEN>
    <SCRLEN1>10</SCRLEN1>
    <SCRLEN2>10</SCRLEN2>
    <SCRLEN3>10</SCRLEN3>
    <DDTEXT>Dial color</DDTEXT>
    <REPTEXT>Dial color</REPTEXT>
    <SCRTEXT_S>Dial color</SCRTEXT_S>
    <SCRTEXT_M>Dial color</SCRTEXT_M>
    <SCRTEXT_L>Dial color</SCRTEXT_L>
    <DTELMASTER>E</DTELMASTER>
    <REFKIND>D</REFKIND>
   </DD04V>
   <I18N_LANGS>
    <LANGU>1</LANGU>
   </I18N_LANGS>
   <DD04_TEXTS>
    <item>
     <DDLANGUAGE>1</DDLANGUAGE>
     <DDTEXT>表盘颜色</DDTEXT>
     <REPTEXT>表盘颜色</REPTEXT>
     <SCRTEXT_S>表盘颜色</SCRTEXT_S>
     <SCRTEXT_M>表盘颜色</SCRTEXT_M>
     <SCRTEXT_L>表盘颜色</SCRTEXT_L>
    </item>
   </DD04_TEXTS>
  </asx:values>
 </asx:abap>
</abapGit>
