﻿<?xml version="1.0" encoding="utf-8"?>
<abapGit version="v1.0.0" serializer="LCL_OBJECT_DOMA" serializer_version="v1.0.0">
 <asx:abap xmlns:asx="http://www.sap.com/abapxml" version="1.0">
  <asx:values>
   <DD01V>
    <DOMNAME>ZDCOLOR</DOMNAME>
    <DDLANGUAGE>E</DDLANGUAGE>
    <DATATYPE>CHAR</DATATYPE>
    <LENG>000002</LENG>
    <OUTPUTLEN>000002</OUTPUTLEN>
    <VALEXI>X</VALEXI>
    <DDTEXT>Dial color</DDTEXT>
   </DD01V>
   <DD07V_TAB>
    <DD07V>
     <DOMNAME>ZDCOLOR</DOMNAME>
     <VALPOS>0001</VALPOS>
     <DDLANGUAGE>E</DDLANGUAGE>
     <DOMVALUE_L>10</DOMVALUE_L>
     <DDTEXT>BLACK</DDTEXT>
    </DD07V>
    <DD07V>
     <DOMNAME>ZDCOLOR</DOMNAME>
     <VALPOS>0002</VALPOS>
     <DDLANGUAGE>E</DDLANGUAGE>
     <DOMVALUE_L>14</DOMVALUE_L>
     <DDTEXT>BLUE</DDTEXT>
    </DD07V>
    <DD07V>
     <DOMNAME>ZDCOLOR</DOMNAME>
     <VALPOS>0003</VALPOS>
     <DDLANGUAGE>E</DDLANGUAGE>
     <DOMVALUE_L>16</DOMVALUE_L>
     <DDTEXT>BROWN</DDTEXT>
    </DD07V>
    <DD07V>
     <DOMNAME>ZDCOLOR</DOMNAME>
     <VALPOS>0004</VALPOS>
     <DDLANGUAGE>E</DDLANGUAGE>
     <DOMVALUE_L>27</DOMVALUE_L>
     <DDTEXT>GOLD</DDTEXT>
    </DD07V>
    <DD07V>
     <DOMNAME>ZDCOLOR</DOMNAME>
     <VALPOS>0005</VALPOS>
     <DDLANGUAGE>E</DDLANGUAGE>
     <DOMVALUE_L>29</DOMVALUE_L>
     <DDTEXT>GRAY</DDTEXT>
    </DD07V>
    <DD07V>
     <DOMNAME>ZDCOLOR</DOMNAME>
     <VALPOS>0006</VALPOS>
     <DDLANGUAGE>E</DDLANGUAGE>
     <DOMVALUE_L>32</DOMVALUE_L>
     <DDTEXT>GREEN</DDTEXT>
    </DD07V>
    <DD07V>
     <DOMNAME>ZDCOLOR</DOMNAME>
     <VALPOS>0007</VALPOS>
     <DDLANGUAGE>E</DDLANGUAGE>
     <DOMVALUE_L>35</DOMVALUE_L>
     <DDTEXT>MOTHER OF PEARL</DDTEXT>
    </DD07V>
    <DD07V>
     <DOMNAME>ZDCOLOR</DOMNAME>
     <VALPOS>0008</VALPOS>
     <DDLANGUAGE>E</DDLANGUAGE>
     <DOMVALUE_L>40</DOMVALUE_L>
     <DDTEXT>ORANGE</DDTEXT>
    </DD07V>
    <DD07V>
     <DOMNAME>ZDCOLOR</DOMNAME>
     <VALPOS>0009</VALPOS>
     <DDLANGUAGE>E</DDLANGUAGE>
     <DOMVALUE_L>45</DOMVALUE_L>
     <DDTEXT>PEARL</DDTEXT>
    </DD07V>
    <DD07V>
     <DOMNAME>ZDCOLOR</DOMNAME>
     <VALPOS>0010</VALPOS>
     <DDLANGUAGE>E</DDLANGUAGE>
     <DOMVALUE_L>49</DOMVALUE_L>
     <DDTEXT>PURPLE</DDTEXT>
    </DD07V>
    <DD07V>
     <DOMNAME>ZDCOLOR</DOMNAME>
     <VALPOS>0011</VALPOS>
     <DDLANGUAGE>E</DDLANGUAGE>
     <DOMVALUE_L>55</DOMVALUE_L>
     <DDTEXT>RED</DDTEXT>
    </DD07V>
    <DD07V>
     <DOMNAME>ZDCOLOR</DOMNAME>
     <VALPOS>0012</VALPOS>
     <DDLANGUAGE>E</DDLANGUAGE>
     <DOMVALUE_L>60</DOMVALUE_L>
     <DDTEXT>SILVER</DDTEXT>
    </DD07V>
    <DD07V>
     <DOMNAME>ZDCOLOR</DOMNAME>
     <VALPOS>0013</VALPOS>
     <DDLANGUAGE>E</DDLANGUAGE>
     <DOMVALUE_L>70</DOMVALUE_L>
     <DDTEXT>WHITE</DDTEXT>
    </DD07V>
    <DD07V>
     <DOMNAME>ZDCOLOR</DOMNAME>
     <VALPOS>0014</VALPOS>
     <DDLANGUAGE>E</DDLANGUAGE>
     <DOMVALUE_L>90</DOMVALUE_L>
     <DDTEXT>YELLOW</DDTEXT>
    </DD07V>
    <DD07V>
     <DOMNAME>ZDCOLOR</DOMNAME>
     <VALPOS>0015</VALPOS>
     <DDLANGUAGE>E</DDLANGUAGE>
     <DOMVALUE_L>95</DOMVALUE_L>
     <DDTEXT>MIRRO</DDTEXT>
    </DD07V>
    <DD07V>
     <DOMNAME>ZDCOLOR</DOMNAME>
     <VALPOS>0016</VALPOS>
     <DDLANGUAGE>E</DDLANGUAGE>
     <DOMVALUE_L>96</DOMVALUE_L>
     <DDTEXT>DIAMOND</DDTEXT>
    </DD07V>
    <DD07V>
     <DOMNAME>ZDCOLOR</DOMNAME>
     <VALPOS>0017</VALPOS>
     <DDLANGUAGE>E</DDLANGUAGE>
     <DOMVALUE_L>99</DOMVALUE_L>
     <DDTEXT>OTHER</DDTEXT>
    </DD07V>
    <DD07V>
     <DOMNAME>ZDCOLOR</DOMNAME>
     <VALPOS>0018</VALPOS>
     <DDLANGUAGE>E</DDLANGUAGE>
     <DOMVALUE_L>97</DOMVALUE_L>
     <DDTEXT>ENAMEL</DDTEXT>
    </DD07V>
   </DD07V_TAB>
   <I18N_LANGS>
    <LANGU>1</LANGU>
   </I18N_LANGS>
   <DD01_TEXTS>
    <item>
     <DDLANGUAGE>1</DDLANGUAGE>
     <DDTEXT>表盘颜色</DDTEXT>
    </item>
   </DD01_TEXTS>
   <DD07_TEXTS>
    <item>
     <VALPOS>0001</VALPOS>
     <DDLANGUAGE>1</DDLANGUAGE>
     <DOMVALUE_L>10</DOMVALUE_L>
     <DDTEXT>黑</DDTEXT>
    </item>
    <item>
     <VALPOS>0002</VALPOS>
     <DDLANGUAGE>1</DDLANGUAGE>
     <DOMVALUE_L>14</DOMVALUE_L>
     <DDTEXT>蓝</DDTEXT>
    </item>
    <item>
     <VALPOS>0003</VALPOS>
     <DDLANGUAGE>1</DDLANGUAGE>
     <DOMVALUE_L>16</DOMVALUE_L>
     <DDTEXT>棕</DDTEXT>
    </item>
    <item>
     <VALPOS>0004</VALPOS>
     <DDLANGUAGE>1</DDLANGUAGE>
     <DOMVALUE_L>27</DOMVALUE_L>
     <DDTEXT>金</DDTEXT>
    </item>
    <item>
     <VALPOS>0005</VALPOS>
     <DDLANGUAGE>1</DDLANGUAGE>
     <DOMVALUE_L>29</DOMVALUE_L>
     <DDTEXT>灰</DDTEXT>
    </item>
    <item>
     <VALPOS>0006</VALPOS>
     <DDLANGUAGE>1</DDLANGUAGE>
     <DOMVALUE_L>32</DOMVALUE_L>
     <DDTEXT>绿</DDTEXT>
    </item>
    <item>
     <VALPOS>0007</VALPOS>
     <DDLANGUAGE>1</DDLANGUAGE>
     <DOMVALUE_L>35</DOMVALUE_L>
     <DDTEXT>贝母</DDTEXT>
    </item>
    <item>
     <VALPOS>0008</VALPOS>
     <DDLANGUAGE>1</DDLANGUAGE>
     <DOMVALUE_L>40</DOMVALUE_L>
     <DDTEXT>橙</DDTEXT>
    </item>
    <item>
     <VALPOS>0009</VALPOS>
     <DDLANGUAGE>1</DDLANGUAGE>
     <DOMVALUE_L>45</DOMVALUE_L>
     <DDTEXT>无</DDTEXT>
    </item>
    <item>
     <VALPOS>0010</VALPOS>
     <DDLANGUAGE>1</DDLANGUAGE>
     <DOMVALUE_L>49</DOMVALUE_L>
     <DDTEXT>紫</DDTEXT>
    </item>
    <item>
     <VALPOS>0011</VALPOS>
     <DDLANGUAGE>1</DDLANGUAGE>
     <DOMVALUE_L>55</DOMVALUE_L>
     <DDTEXT>红</DDTEXT>
    </item>
    <item>
     <VALPOS>0012</VALPOS>
     <DDLANGUAGE>1</DDLANGUAGE>
     <DOMVALUE_L>60</DOMVALUE_L>
     <DDTEXT>银</DDTEXT>
    </item>
    <item>
     <VALPOS>0013</VALPOS>
     <DDLANGUAGE>1</DDLANGUAGE>
     <DOMVALUE_L>70</DOMVALUE_L>
     <DDTEXT>白</DDTEXT>
    </item>
    <item>
     <VALPOS>0014</VALPOS>
     <DDLANGUAGE>1</DDLANGUAGE>
     <DOMVALUE_L>90</DOMVALUE_L>
     <DDTEXT>黄</DDTEXT>
    </item>
    <item>
     <VALPOS>0015</VALPOS>
     <DDLANGUAGE>1</DDLANGUAGE>
     <DOMVALUE_L>95</DOMVALUE_L>
     <DDTEXT>镜</DDTEXT>
    </item>
    <item>
     <VALPOS>0016</VALPOS>
     <DDLANGUAGE>1</DDLANGUAGE>
     <DOMVALUE_L>96</DOMVALUE_L>
     <DDTEXT>钻</DDTEXT>
    </item>
    <item>
     <VALPOS>0017</VALPOS>
     <DDLANGUAGE>1</DDLANGUAGE>
     <DOMVALUE_L>99</DOMVALUE_L>
     <DDTEXT>其他</DDTEXT>
    </item>
    <item>
     <VALPOS>0018</VALPOS>
     <DDLANGUAGE>1</DDLANGUAGE>
     <DOMVALUE_L>97</DOMVALUE_L>
     <DDTEXT>珐琅</DDTEXT>
    </item>
   </DD07_TEXTS>
  </asx:values>
 </asx:abap>
</abapGit>
