﻿<?xml version="1.0" encoding="utf-8"?>
<abapGit version="v1.0.0" serializer="LCL_OBJECT_DTEL" serializer_version="v1.0.0">
 <asx:abap xmlns:asx="http://www.sap.com/abapxml" version="1.0">
  <asx:values>
   <DD04V>
    <ROLLNAME>ZDEACT</ROLLNAME>
    <DDLANGUAGE>E</DDLANGUAGE>
    <DOMNAME>FLAG</DOMNAME>
    <HEADLEN>10</HEADLEN>
    <SCRLEN1>10</SCRLEN1>
    <SCRLEN2>10</SCRLEN2>
    <SCRLEN3>10</SCRLEN3>
    <DDTEXT>Inactive flag</DDTEXT>
    <REPTEXT>Deactive</REPTEXT>
    <SCRTEXT_S>Deactive</SCRTEXT_S>
    <SCRTEXT_M>Deactive</SCRTEXT_M>
    <SCRTEXT_L>Deactive</SCRTEXT_L>
    <DTELMASTER>1</DTELMASTER>
    <REFKIND>D</REFKIND>
   </DD04V>
   <I18N_LANGS>
    <LANGU>1</LANGU>
   </I18N_LANGS>
   <DD04_TEXTS>
    <item>
     <DDLANGUAGE>1</DDLANGUAGE>
     <DDTEXT>取消激活标识</DDTEXT>
     <REPTEXT>已取消激活</REPTEXT>
     <SCRTEXT_S>取消激活</SCRTEXT_S>
     <SCRTEXT_M>已取消激活</SCRTEXT_M>
     <SCRTEXT_L>已取消激活</SCRTEXT_L>
    </item>
   </DD04_TEXTS>
  </asx:values>
 </asx:abap>
</abapGit>
