﻿<?xml version="1.0" encoding="utf-8"?>
<abapGit version="v1.0.0" serializer="LCL_OBJECT_DTEL" serializer_version="v1.0.0">
 <asx:abap xmlns:asx="http://www.sap.com/abapxml" version="1.0">
  <asx:values>
   <DD04V>
    <ROLLNAME>ZDEF_LOCA1_T</ROLLNAME>
    <DDLANGUAGE>E</DDLANGUAGE>
    <DOMNAME>ZDEF_LOCA_T</DOMNAME>
    <HEADLEN>20</HEADLEN>
    <SCRLEN1>10</SCRLEN1>
    <SCRLEN2>20</SCRLEN2>
    <SCRLEN3>20</SCRLEN3>
    <DDTEXT>Defect Location1</DDTEXT>
    <REPTEXT>Defect Location1</REPTEXT>
    <SCRTEXT_S>DefectLoc1</SCRTEXT_S>
    <SCRTEXT_M>Defect Location1</SCRTEXT_M>
    <SCRTEXT_L>Defect Location1</SCRTEXT_L>
    <DTELMASTER>E</DTELMASTER>
    <REFKIND>D</REFKIND>
   </DD04V>
   <I18N_LANGS>
    <LANGU>1</LANGU>
   </I18N_LANGS>
   <DD04_TEXTS>
    <item>
     <DDLANGUAGE>1</DDLANGUAGE>
     <DDTEXT>故障位置1</DDTEXT>
     <REPTEXT>故障位置1</REPTEXT>
     <SCRTEXT_S>故障位置1</SCRTEXT_S>
     <SCRTEXT_M>故障位置1</SCRTEXT_M>
     <SCRTEXT_L>故障位置1</SCRTEXT_L>
    </item>
   </DD04_TEXTS>
  </asx:values>
 </asx:abap>
</abapGit>
