﻿<?xml version="1.0" encoding="utf-8"?>
<abapGit version="v1.0.0" serializer="LCL_OBJECT_DTEL" serializer_version="v1.0.0">
 <asx:abap xmlns:asx="http://www.sap.com/abapxml" version="1.0">
  <asx:values>
   <DD04V>
    <ROLLNAME>ZDEKCD_EX_ROW_N</ROLLNAME>
    <DDLANGUAGE>E</DDLANGUAGE>
    <HEADLEN>10</HEADLEN>
    <SCRLEN1>10</SCRLEN1>
    <SCRLEN2>20</SCRLEN2>
    <SCRLEN3>40</SCRLEN3>
    <DDTEXT>Line number</DDTEXT>
    <REPTEXT>Line</REPTEXT>
    <SCRTEXT_S>Line</SCRTEXT_S>
    <SCRTEXT_M>Line</SCRTEXT_M>
    <SCRTEXT_L>Line</SCRTEXT_L>
    <DTELMASTER>E</DTELMASTER>
    <DATATYPE>NUMC</DATATYPE>
    <LENG>000010</LENG>
    <OUTPUTLEN>000010</OUTPUTLEN>
   </DD04V>
  </asx:values>
 </asx:abap>
</abapGit>
