﻿<?xml version="1.0" encoding="utf-8"?>
<abapGit version="v1.0.0" serializer="LCL_OBJECT_DTEL" serializer_version="v1.0.0">
 <asx:abap xmlns:asx="http://www.sap.com/abapxml" version="1.0">
  <asx:values>
   <DD04V>
    <ROLLNAME>ZDESCRIPTION</ROLLNAME>
    <DDLANGUAGE>E</DDLANGUAGE>
    <DOMNAME>TXT50</DOMNAME>
    <HEADLEN>20</HEADLEN>
    <SCRLEN1>10</SCRLEN1>
    <SCRLEN2>20</SCRLEN2>
    <SCRLEN3>20</SCRLEN3>
    <DDTEXT>Description</DDTEXT>
    <REPTEXT>Description</REPTEXT>
    <SCRTEXT_S>Desc.</SCRTEXT_S>
    <SCRTEXT_M>Description</SCRTEXT_M>
    <SCRTEXT_L>Description</SCRTEXT_L>
    <DTELMASTER>E</DTELMASTER>
    <REFKIND>D</REFKIND>
   </DD04V>
   <I18N_LANGS>
    <LANGU>1</LANGU>
   </I18N_LANGS>
   <DD04_TEXTS>
    <item>
     <DDLANGUAGE>1</DDLANGUAGE>
     <DDTEXT>客户描述</DDTEXT>
     <REPTEXT>客户描述</REPTEXT>
     <SCRTEXT_S>客户描述</SCRTEXT_S>
     <SCRTEXT_M>客户描述</SCRTEXT_M>
     <SCRTEXT_L>客户描述</SCRTEXT_L>
    </item>
   </DD04_TEXTS>
  </asx:values>
 </asx:abap>
</abapGit>
