﻿<?xml version="1.0" encoding="utf-8"?>
<abapGit version="v1.0.0" serializer="LCL_OBJECT_DTEL" serializer_version="v1.0.0">
 <asx:abap xmlns:asx="http://www.sap.com/abapxml" version="1.0">
  <asx:values>
   <DD04V>
    <ROLLNAME>ZDIAM_CHK</ROLLNAME>
    <DDLANGUAGE>E</DDLANGUAGE>
    <DOMNAME>FLAG</DOMNAME>
    <HEADLEN>15</HEADLEN>
    <SCRLEN1>10</SCRLEN1>
    <SCRLEN2>15</SCRLEN2>
    <SCRLEN3>15</SCRLEN3>
    <DDTEXT>Diamond check</DDTEXT>
    <REPTEXT>Diamond check</REPTEXT>
    <SCRTEXT_S>DiamondChk</SCRTEXT_S>
    <SCRTEXT_M>Diamond check</SCRTEXT_M>
    <SCRTEXT_L>Diamond check</SCRTEXT_L>
    <DTELMASTER>E</DTELMASTER>
    <REFKIND>D</REFKIND>
   </DD04V>
   <I18N_LANGS>
    <LANGU>1</LANGU>
   </I18N_LANGS>
   <DD04_TEXTS>
    <item>
     <DDLANGUAGE>1</DDLANGUAGE>
     <DDTEXT>含钻卡</DDTEXT>
     <REPTEXT>含钻卡</REPTEXT>
     <SCRTEXT_S>含钻卡</SCRTEXT_S>
     <SCRTEXT_M>含钻卡</SCRTEXT_M>
     <SCRTEXT_L>含钻卡</SCRTEXT_L>
    </item>
   </DD04_TEXTS>
  </asx:values>
 </asx:abap>
</abapGit>
