﻿<?xml version="1.0" encoding="utf-8"?>
<abapGit version="v1.0.0" serializer="LCL_OBJECT_DTEL" serializer_version="v1.0.0">
 <asx:abap xmlns:asx="http://www.sap.com/abapxml" version="1.0">
  <asx:values>
   <DD04V>
    <ROLLNAME>ZDIAPF</ROLLNAME>
    <DDLANGUAGE>E</DDLANGUAGE>
    <DOMNAME>FLAG</DOMNAME>
    <HEADLEN>32</HEADLEN>
    <SCRLEN1>10</SCRLEN1>
    <SCRLEN2>20</SCRLEN2>
    <SCRLEN3>32</SCRLEN3>
    <DDTEXT>Seletct Priority for Diag. flag</DDTEXT>
    <REPTEXT>Seletct Priority for Diag. flag</REPTEXT>
    <SCRTEXT_S>Selc prior</SCRTEXT_S>
    <SCRTEXT_M>Seletct Priority for</SCRTEXT_M>
    <SCRTEXT_L>Seletct Priority for Diag. flag</SCRTEXT_L>
    <DTELMASTER>E</DTELMASTER>
    <REFKIND>D</REFKIND>
   </DD04V>
   <I18N_LANGS>
    <LANGU>1</LANGU>
   </I18N_LANGS>
   <DD04_TEXTS>
    <item>
     <DDLANGUAGE>1</DDLANGUAGE>
     <DDTEXT>弃用</DDTEXT>
     <REPTEXT>弃用</REPTEXT>
     <SCRTEXT_S>弃用</SCRTEXT_S>
     <SCRTEXT_M>弃用</SCRTEXT_M>
     <SCRTEXT_L>弃用</SCRTEXT_L>
    </item>
   </DD04_TEXTS>
  </asx:values>
 </asx:abap>
</abapGit>
