﻿<?xml version="1.0" encoding="utf-8"?>
<abapGit version="v1.0.0" serializer="LCL_OBJECT_DTEL" serializer_version="v1.0.0">
 <asx:abap xmlns:asx="http://www.sap.com/abapxml" version="1.0">
  <asx:values>
   <DD04V>
    <ROLLNAME>ZDIAPR</ROLLNAME>
    <DDLANGUAGE>E</DDLANGUAGE>
    <DOMNAME>FLAG</DOMNAME>
    <HEADLEN>20</HEADLEN>
    <SCRLEN1>10</SCRLEN1>
    <SCRLEN2>20</SCRLEN2>
    <SCRLEN3>20</SCRLEN3>
    <DDTEXT>Pre-diagnostics flag</DDTEXT>
    <REPTEXT>Pre-diagnostics flag</REPTEXT>
    <SCRTEXT_S>Pre-diagno</SCRTEXT_S>
    <SCRTEXT_M>Pre-diagnostics flag</SCRTEXT_M>
    <SCRTEXT_L>Pre-diagnostics flag</SCRTEXT_L>
    <DTELMASTER>E</DTELMASTER>
    <REFKIND>D</REFKIND>
   </DD04V>
   <I18N_LANGS>
    <LANGU>1</LANGU>
   </I18N_LANGS>
   <DD04_TEXTS>
    <item>
     <DDLANGUAGE>1</DDLANGUAGE>
     <DDTEXT>初步预检</DDTEXT>
     <REPTEXT>初步预检</REPTEXT>
     <SCRTEXT_S>初步预检</SCRTEXT_S>
     <SCRTEXT_M>初步预检</SCRTEXT_M>
     <SCRTEXT_L>初步预检</SCRTEXT_L>
    </item>
   </DD04_TEXTS>
  </asx:values>
 </asx:abap>
</abapGit>
