﻿<?xml version="1.0" encoding="utf-8"?>
<abapGit version="v1.0.0" serializer="LCL_OBJECT_DTEL" serializer_version="v1.0.0">
 <asx:abap xmlns:asx="http://www.sap.com/abapxml" version="1.0">
  <asx:values>
   <DD04V>
    <ROLLNAME>ZE_BTYPE</ROLLNAME>
    <DDLANGUAGE>E</DDLANGUAGE>
    <DOMNAME>ZD_BTYPE</DOMNAME>
    <HEADLEN>30</HEADLEN>
    <SCRLEN1>02</SCRLEN1>
    <SCRLEN2>10</SCRLEN2>
    <SCRLEN3>20</SCRLEN3>
    <DDTEXT>Business Type</DDTEXT>
    <REPTEXT>Business Type</REPTEXT>
    <SCRTEXT_S>BY</SCRTEXT_S>
    <SCRTEXT_M>Bus Type</SCRTEXT_M>
    <SCRTEXT_L>Business Type</SCRTEXT_L>
    <DTELMASTER>E</DTELMASTER>
    <REFKIND>D</REFKIND>
   </DD04V>
  </asx:values>
 </asx:abap>
</abapGit>
