﻿<?xml version="1.0" encoding="utf-8"?>
<abapGit version="v1.0.0" serializer="LCL_OBJECT_DTEL" serializer_version="v1.0.0">
 <asx:abap xmlns:asx="http://www.sap.com/abapxml" version="1.0">
  <asx:values>
   <DD04V>
    <ROLLNAME>ZE_CONTENTTYPE</ROLLNAME>
    <DDLANGUAGE>E</DDLANGUAGE>
    <DOMNAME>ZD_CONTENTTYPE</DOMNAME>
    <HEADLEN>55</HEADLEN>
    <SCRLEN1>10</SCRLEN1>
    <SCRLEN2>20</SCRLEN2>
    <SCRLEN3>40</SCRLEN3>
    <DDTEXT>Content type of shipment</DDTEXT>
    <REPTEXT>Content Type of Shipment</REPTEXT>
    <SCRTEXT_S>Cont.Type</SCRTEXT_S>
    <SCRTEXT_M>Content Type of Ship</SCRTEXT_M>
    <SCRTEXT_L>Content Type of Shipment</SCRTEXT_L>
    <DTELMASTER>E</DTELMASTER>
    <REFKIND>D</REFKIND>
   </DD04V>
   <I18N_LANGS>
    <LANGU>1</LANGU>
   </I18N_LANGS>
   <DD04_TEXTS>
    <item>
     <DDLANGUAGE>1</DDLANGUAGE>
     <DDTEXT>内容物类型</DDTEXT>
     <REPTEXT>内容物类型</REPTEXT>
     <SCRTEXT_S>内容物类型</SCRTEXT_S>
     <SCRTEXT_M>内容物类型</SCRTEXT_M>
     <SCRTEXT_L>内容物类型</SCRTEXT_L>
    </item>
   </DD04_TEXTS>
  </asx:values>
 </asx:abap>
</abapGit>
