﻿<?xml version="1.0" encoding="utf-8"?>
<abapGit version="v1.0.0" serializer="LCL_OBJECT_DTEL" serializer_version="v1.0.0">
 <asx:abap xmlns:asx="http://www.sap.com/abapxml" version="1.0">
  <asx:values>
   <DD04V>
    <ROLLNAME>ZE_CUS_CS</ROLLNAME>
    <DDLANGUAGE>E</DDLANGUAGE>
    <DOMNAME>XFELD</DOMNAME>
    <HEADLEN>55</HEADLEN>
    <SCRLEN1>10</SCRLEN1>
    <SCRLEN2>20</SCRLEN2>
    <SCRLEN3>40</SCRLEN3>
    <DDTEXT>Is service customer</DDTEXT>
    <REPTEXT>Service Customer</REPTEXT>
    <SCRTEXT_S>ServiceCus</SCRTEXT_S>
    <SCRTEXT_M>Service Customer</SCRTEXT_M>
    <SCRTEXT_L>Service Customer</SCRTEXT_L>
    <DTELMASTER>E</DTELMASTER>
    <REFKIND>D</REFKIND>
   </DD04V>
   <I18N_LANGS>
    <LANGU>1</LANGU>
   </I18N_LANGS>
   <DD04_TEXTS>
    <item>
     <DDLANGUAGE>1</DDLANGUAGE>
     <DDTEXT>是维修客户</DDTEXT>
     <REPTEXT>维修客户</REPTEXT>
     <SCRTEXT_S>维修客户</SCRTEXT_S>
     <SCRTEXT_M>维修客户</SCRTEXT_M>
     <SCRTEXT_L>维修客户</SCRTEXT_L>
    </item>
   </DD04_TEXTS>
  </asx:values>
 </asx:abap>
</abapGit>
