﻿<?xml version="1.0" encoding="utf-8"?>
<abapGit version="v1.0.0" serializer="LCL_OBJECT_DTEL" serializer_version="v1.0.0">
 <asx:abap xmlns:asx="http://www.sap.com/abapxml" version="1.0">
  <asx:values>
   <DD04V>
    <ROLLNAME>ZE_CONFIRM_TIME</ROLLNAME>
    <DDLANGUAGE>E</DDLANGUAGE>
    <DOMNAME>UZEIT</DOMNAME>
    <HEADLEN>55</HEADLEN>
    <SCRLEN1>10</SCRLEN1>
    <SCRLEN2>20</SCRLEN2>
    <SCRLEN3>40</SCRLEN3>
    <DDTEXT>Shipment confirm time</DDTEXT>
    <REPTEXT>Confirm Time</REPTEXT>
    <SCRTEXT_S>Conf. Time</SCRTEXT_S>
    <SCRTEXT_M>Confirm Time</SCRTEXT_M>
    <SCRTEXT_L>Confirm Time</SCRTEXT_L>
    <DTELMASTER>E</DTELMASTER>
    <REFKIND>D</REFKIND>
   </DD04V>
   <I18N_LANGS>
    <LANGU>1</LANGU>
   </I18N_LANGS>
   <DD04_TEXTS>
    <item>
     <DDLANGUAGE>1</DDLANGUAGE>
     <DDTEXT>确认时间</DDTEXT>
     <REPTEXT>确认时间</REPTEXT>
     <SCRTEXT_S>确认时间</SCRTEXT_S>
     <SCRTEXT_M>确认时间</SCRTEXT_M>
     <SCRTEXT_L>确认时间</SCRTEXT_L>
    </item>
   </DD04_TEXTS>
  </asx:values>
 </asx:abap>
</abapGit>
