﻿<?xml version="1.0" encoding="utf-8"?>
<abapGit version="v1.0.0" serializer="LCL_OBJECT_DTEL" serializer_version="v1.0.0">
 <asx:abap xmlns:asx="http://www.sap.com/abapxml" version="1.0">
  <asx:values>
   <DD04V>
    <ROLLNAME>ZE_DOC_NUM</ROLLNAME>
    <DDLANGUAGE>E</DDLANGUAGE>
    <HEADLEN>20</HEADLEN>
    <SCRLEN1>10</SCRLEN1>
    <SCRLEN2>20</SCRLEN2>
    <SCRLEN3>40</SCRLEN3>
    <DDTEXT>Document number</DDTEXT>
    <REPTEXT>Document Number</REPTEXT>
    <SCRTEXT_S>DocNo</SCRTEXT_S>
    <SCRTEXT_M>Document Number</SCRTEXT_M>
    <SCRTEXT_L>Document Number</SCRTEXT_L>
    <DTELMASTER>E</DTELMASTER>
    <DATATYPE>CHAR</DATATYPE>
    <LENG>000020</LENG>
    <OUTPUTLEN>000020</OUTPUTLEN>
   </DD04V>
   <I18N_LANGS>
    <LANGU>1</LANGU>
   </I18N_LANGS>
   <DD04_TEXTS>
    <item>
     <DDLANGUAGE>1</DDLANGUAGE>
     <DDTEXT>业务单号</DDTEXT>
     <REPTEXT>业务单号</REPTEXT>
     <SCRTEXT_S>业务单号</SCRTEXT_S>
     <SCRTEXT_M>业务单号</SCRTEXT_M>
     <SCRTEXT_L>业务单号</SCRTEXT_L>
    </item>
   </DD04_TEXTS>
  </asx:values>
 </asx:abap>
</abapGit>
