﻿<?xml version="1.0" encoding="utf-8"?>
<abapGit version="v1.0.0" serializer="LCL_OBJECT_DTEL" serializer_version="v1.0.0">
 <asx:abap xmlns:asx="http://www.sap.com/abapxml" version="1.0">
  <asx:values>
   <DD04V>
    <ROLLNAME>ZE_ECDNDATE</ROLLNAME>
    <DDLANGUAGE>E</DDLANGUAGE>
    <DOMNAME>DATUM</DOMNAME>
    <HEADLEN>16</HEADLEN>
    <SCRLEN1>10</SCRLEN1>
    <SCRLEN2>16</SCRLEN2>
    <SCRLEN3>16</SCRLEN3>
    <DDTEXT>EC delivery date</DDTEXT>
    <REPTEXT>EC delivery date</REPTEXT>
    <SCRTEXT_S>EC del dat</SCRTEXT_S>
    <SCRTEXT_M>EC delivery date</SCRTEXT_M>
    <SCRTEXT_L>EC delivery date</SCRTEXT_L>
    <DTELMASTER>E</DTELMASTER>
    <REFKIND>D</REFKIND>
   </DD04V>
   <I18N_LANGS>
    <LANGU>1</LANGU>
   </I18N_LANGS>
   <DD04_TEXTS>
    <item>
     <DDLANGUAGE>1</DDLANGUAGE>
     <DDTEXT>EC配送日期</DDTEXT>
     <REPTEXT>EC配送日期</REPTEXT>
     <SCRTEXT_S>EC配送日期</SCRTEXT_S>
     <SCRTEXT_M>EC配送日期</SCRTEXT_M>
     <SCRTEXT_L>EC配送日期</SCRTEXT_L>
    </item>
   </DD04_TEXTS>
  </asx:values>
 </asx:abap>
</abapGit>
