﻿<?xml version="1.0" encoding="utf-8"?>
<abapGit version="v1.0.0" serializer="LCL_OBJECT_DTEL" serializer_version="v1.0.0">
 <asx:abap xmlns:asx="http://www.sap.com/abapxml" version="1.0">
  <asx:values>
   <DD04V>
    <ROLLNAME>ZE_ECDNNO</ROLLNAME>
    <DDLANGUAGE>E</DDLANGUAGE>
    <HEADLEN>35</HEADLEN>
    <SCRLEN1>10</SCRLEN1>
    <SCRLEN2>20</SCRLEN2>
    <SCRLEN3>40</SCRLEN3>
    <DDTEXT>EC delivery note number</DDTEXT>
    <REPTEXT>EC DN No.</REPTEXT>
    <SCRTEXT_S>EC DN No.</SCRTEXT_S>
    <SCRTEXT_M>EC Del. Note Number</SCRTEXT_M>
    <SCRTEXT_L>EC Del. Note Number</SCRTEXT_L>
    <DTELMASTER>E</DTELMASTER>
    <DATATYPE>CHAR</DATATYPE>
    <LENG>000035</LENG>
    <OUTPUTLEN>000035</OUTPUTLEN>
   </DD04V>
   <I18N_LANGS>
    <LANGU>1</LANGU>
   </I18N_LANGS>
   <DD04_TEXTS>
    <item>
     <DDLANGUAGE>1</DDLANGUAGE>
     <DDTEXT>EC配送单号</DDTEXT>
     <REPTEXT>EC配送单</REPTEXT>
     <SCRTEXT_S>EC配送单</SCRTEXT_S>
     <SCRTEXT_M>EC配送单号</SCRTEXT_M>
     <SCRTEXT_L>EC配送单号</SCRTEXT_L>
    </item>
   </DD04_TEXTS>
  </asx:values>
 </asx:abap>
</abapGit>
