﻿<?xml version="1.0" encoding="utf-8"?>
<abapGit version="v1.0.0" serializer="LCL_OBJECT_DTEL" serializer_version="v1.0.0">
 <asx:abap xmlns:asx="http://www.sap.com/abapxml" version="1.0">
  <asx:values>
   <DD04V>
    <ROLLNAME>ZE_HONUM</ROLLNAME>
    <DDLANGUAGE>E</DDLANGUAGE>
    <DOMNAME>ZD_HONUM</DOMNAME>
    <HEADLEN>55</HEADLEN>
    <SCRLEN1>10</SCRLEN1>
    <SCRLEN2>20</SCRLEN2>
    <SCRLEN3>40</SCRLEN3>
    <DDTEXT>Handover list number</DDTEXT>
    <REPTEXT>Handover List</REPTEXT>
    <SCRTEXT_S>Handover</SCRTEXT_S>
    <SCRTEXT_M>Handover List</SCRTEXT_M>
    <SCRTEXT_L>Handover List</SCRTEXT_L>
    <DTELMASTER>E</DTELMASTER>
    <REFKIND>D</REFKIND>
   </DD04V>
   <I18N_LANGS>
    <LANGU>1</LANGU>
   </I18N_LANGS>
   <DD04_TEXTS>
    <item>
     <DDLANGUAGE>1</DDLANGUAGE>
     <DDTEXT>交接单</DDTEXT>
     <REPTEXT>交接单</REPTEXT>
     <SCRTEXT_S>交接单</SCRTEXT_S>
     <SCRTEXT_M>交接单</SCRTEXT_M>
     <SCRTEXT_L>交接单</SCRTEXT_L>
    </item>
   </DD04_TEXTS>
  </asx:values>
 </asx:abap>
</abapGit>
