﻿<?xml version="1.0" encoding="utf-8"?>
<abapGit version="v1.0.0" serializer="LCL_OBJECT_DTEL" serializer_version="v1.0.0">
 <asx:abap xmlns:asx="http://www.sap.com/abapxml" version="1.0">
  <asx:values>
   <DD04V>
    <ROLLNAME>ZE_MENGE2</ROLLNAME>
    <DDLANGUAGE>E</DDLANGUAGE>
    <DOMNAME>MENGE13</DOMNAME>
    <HEADLEN>40</HEADLEN>
    <SCRLEN1>10</SCRLEN1>
    <SCRLEN2>20</SCRLEN2>
    <SCRLEN3>30</SCRLEN3>
    <DDTEXT>Order Qty-Subc.</DDTEXT>
    <REPTEXT>Order Qty-Subc.</REPTEXT>
    <SCRTEXT_S>OrdQtySub</SCRTEXT_S>
    <SCRTEXT_M>Order Qty-Subc.</SCRTEXT_M>
    <SCRTEXT_L>Order Qty-Subc.</SCRTEXT_L>
    <DTELMASTER>E</DTELMASTER>
    <REFKIND>D</REFKIND>
   </DD04V>
  </asx:values>
 </asx:abap>
</abapGit>
