﻿<?xml version="1.0" encoding="utf-8"?>
<abapGit version="v1.0.0" serializer="LCL_OBJECT_DTEL" serializer_version="v1.0.0">
 <asx:abap xmlns:asx="http://www.sap.com/abapxml" version="1.0">
  <asx:values>
   <DD04V>
    <ROLLNAME>ZE_OUTPUT_CODE</ROLLNAME>
    <DDLANGUAGE>E</DDLANGUAGE>
    <HEADLEN>11</HEADLEN>
    <SCRLEN1>10</SCRLEN1>
    <SCRLEN2>11</SCRLEN2>
    <SCRLEN3>11</SCRLEN3>
    <DDTEXT>Output code</DDTEXT>
    <REPTEXT>Output code</REPTEXT>
    <SCRTEXT_S>Output cod</SCRTEXT_S>
    <SCRTEXT_M>Output code</SCRTEXT_M>
    <SCRTEXT_L>Output code</SCRTEXT_L>
    <DTELMASTER>E</DTELMASTER>
    <DATATYPE>CHAR</DATATYPE>
    <LENG>000003</LENG>
    <OUTPUTLEN>000003</OUTPUTLEN>
   </DD04V>
   <I18N_LANGS>
    <LANGU>1</LANGU>
   </I18N_LANGS>
   <DD04_TEXTS>
    <item>
     <DDLANGUAGE>1</DDLANGUAGE>
     <DDTEXT>接口返回代码</DDTEXT>
     <REPTEXT>接口返回</REPTEXT>
     <SCRTEXT_S>接口返回</SCRTEXT_S>
     <SCRTEXT_M>接口返回</SCRTEXT_M>
     <SCRTEXT_L>接口返回</SCRTEXT_L>
    </item>
   </DD04_TEXTS>
  </asx:values>
 </asx:abap>
</abapGit>
