﻿<?xml version="1.0" encoding="utf-8"?>
<abapGit version="v1.0.0" serializer="LCL_OBJECT_DTEL" serializer_version="v1.0.0">
 <asx:abap xmlns:asx="http://www.sap.com/abapxml" version="1.0">
  <asx:values>
   <DD04V>
    <ROLLNAME>ZE_ONHAND_ATP</ROLLNAME>
    <DDLANGUAGE>E</DDLANGUAGE>
    <DOMNAME>MENGE</DOMNAME>
    <HEADLEN>17</HEADLEN>
    <SCRLEN1>10</SCRLEN1>
    <SCRLEN2>20</SCRLEN2>
    <SCRLEN3>40</SCRLEN3>
    <DDTEXT>Onhand ATP</DDTEXT>
    <REPTEXT>Onhand ATP</REPTEXT>
    <SCRTEXT_S>Onhand ATP</SCRTEXT_S>
    <SCRTEXT_M>Onhand ATP</SCRTEXT_M>
    <SCRTEXT_L>Onhand ATP</SCRTEXT_L>
    <DTELMASTER>E</DTELMASTER>
    <REFKIND>D</REFKIND>
   </DD04V>
   <I18N_LANGS>
    <LANGU>1</LANGU>
   </I18N_LANGS>
   <DD04_TEXTS>
    <item>
     <DDLANGUAGE>1</DDLANGUAGE>
     <DDTEXT>可用库存</DDTEXT>
     <REPTEXT>可用库存</REPTEXT>
     <SCRTEXT_S>可用库存</SCRTEXT_S>
     <SCRTEXT_M>可用库存</SCRTEXT_M>
     <SCRTEXT_L>可用库存</SCRTEXT_L>
    </item>
   </DD04_TEXTS>
  </asx:values>
 </asx:abap>
</abapGit>
