﻿<?xml version="1.0" encoding="utf-8"?>
<abapGit version="v1.0.0" serializer="LCL_OBJECT_DTEL" serializer_version="v1.0.0">
 <asx:abap xmlns:asx="http://www.sap.com/abapxml" version="1.0">
  <asx:values>
   <DD04V>
    <ROLLNAME>ZE_OUTPUT_DATE</ROLLNAME>
    <DDLANGUAGE>E</DDLANGUAGE>
    <DOMNAME>DATUM</DOMNAME>
    <HEADLEN>55</HEADLEN>
    <SCRLEN1>10</SCRLEN1>
    <SCRLEN2>20</SCRLEN2>
    <SCRLEN3>40</SCRLEN3>
    <DDTEXT>Output date</DDTEXT>
    <REPTEXT>Output date</REPTEXT>
    <SCRTEXT_S>Output dat</SCRTEXT_S>
    <SCRTEXT_M>Output date</SCRTEXT_M>
    <SCRTEXT_L>Output date</SCRTEXT_L>
    <DTELMASTER>E</DTELMASTER>
    <REFKIND>D</REFKIND>
   </DD04V>
   <I18N_LANGS>
    <LANGU>1</LANGU>
   </I18N_LANGS>
   <DD04_TEXTS>
    <item>
     <DDLANGUAGE>1</DDLANGUAGE>
     <DDTEXT>输出日期</DDTEXT>
     <REPTEXT>输出日期</REPTEXT>
     <SCRTEXT_S>输出日期</SCRTEXT_S>
     <SCRTEXT_M>输出日期</SCRTEXT_M>
     <SCRTEXT_L>输出日期</SCRTEXT_L>
    </item>
   </DD04_TEXTS>
  </asx:values>
 </asx:abap>
</abapGit>
