﻿<?xml version="1.0" encoding="utf-8"?>
<abapGit version="v1.0.0" serializer="LCL_OBJECT_DTEL" serializer_version="v1.0.0">
 <asx:abap xmlns:asx="http://www.sap.com/abapxml" version="1.0">
  <asx:values>
   <DD04V>
    <ROLLNAME>ZE_OUTPUT_MSG</ROLLNAME>
    <DDLANGUAGE>E</DDLANGUAGE>
    <HEADLEN>14</HEADLEN>
    <SCRLEN1>10</SCRLEN1>
    <SCRLEN2>14</SCRLEN2>
    <SCRLEN3>14</SCRLEN3>
    <DDTEXT>Output message</DDTEXT>
    <REPTEXT>Output message</REPTEXT>
    <SCRTEXT_S>Output Msg</SCRTEXT_S>
    <SCRTEXT_M>Output message</SCRTEXT_M>
    <SCRTEXT_L>Output message</SCRTEXT_L>
    <DTELMASTER>E</DTELMASTER>
    <DATATYPE>CHAR</DATATYPE>
    <LENG>000255</LENG>
    <OUTPUTLEN>000255</OUTPUTLEN>
   </DD04V>
   <I18N_LANGS>
    <LANGU>1</LANGU>
   </I18N_LANGS>
   <DD04_TEXTS>
    <item>
     <DDLANGUAGE>1</DDLANGUAGE>
     <DDTEXT>接口返回消息</DDTEXT>
     <REPTEXT>接口返回消息</REPTEXT>
     <SCRTEXT_S>接口返回</SCRTEXT_S>
     <SCRTEXT_M>接口返回消息</SCRTEXT_M>
     <SCRTEXT_L>接口返回消息</SCRTEXT_L>
    </item>
   </DD04_TEXTS>
  </asx:values>
 </asx:abap>
</abapGit>
