﻿<?xml version="1.0" encoding="utf-8"?>
<abapGit version="v1.0.0" serializer="LCL_OBJECT_DTEL" serializer_version="v1.0.0">
 <asx:abap xmlns:asx="http://www.sap.com/abapxml" version="1.0">
  <asx:values>
   <DD04V>
    <ROLLNAME>ZE_OPER</ROLLNAME>
    <DDLANGUAGE>E</DDLANGUAGE>
    <DOMNAME>ZD_OPER</DOMNAME>
    <HEADLEN>40</HEADLEN>
    <SCRLEN1>06</SCRLEN1>
    <SCRLEN2>20</SCRLEN2>
    <SCRLEN3>30</SCRLEN3>
    <DDTEXT>Operation ID</DDTEXT>
    <REPTEXT>Operation ID</REPTEXT>
    <SCRTEXT_S>OperID</SCRTEXT_S>
    <SCRTEXT_M>Operation ID</SCRTEXT_M>
    <SCRTEXT_L>Operation ID</SCRTEXT_L>
    <DTELMASTER>E</DTELMASTER>
    <REFKIND>D</REFKIND>
   </DD04V>
  </asx:values>
 </asx:abap>
</abapGit>
