﻿<?xml version="1.0" encoding="utf-8"?>
<abapGit version="v1.0.0" serializer="LCL_OBJECT_DTEL" serializer_version="v1.0.0">
 <asx:abap xmlns:asx="http://www.sap.com/abapxml" version="1.0">
  <asx:values>
   <DD04V>
    <ROLLNAME>ZE_SWOOAMT</ROLLNAME>
    <DDLANGUAGE>E</DDLANGUAGE>
    <DOMNAME>WERTV12</DOMNAME>
    <HEADLEN>40</HEADLEN>
    <SCRLEN1>10</SCRLEN1>
    <SCRLEN2>20</SCRLEN2>
    <SCRLEN3>30</SCRLEN3>
    <DDTEXT>Subcontracting w/o Ser. Order</DDTEXT>
    <REPTEXT>Subcontracting w/o Ser. Order</REPTEXT>
    <SCRTEXT_S>Sub w/o</SCRTEXT_S>
    <SCRTEXT_M>Subcontracting w/o S</SCRTEXT_M>
    <SCRTEXT_L>Subcontracting w/o Ser. Order</SCRTEXT_L>
    <DTELMASTER>E</DTELMASTER>
    <REFKIND>D</REFKIND>
   </DD04V>
  </asx:values>
 </asx:abap>
</abapGit>
