﻿<?xml version="1.0" encoding="utf-8"?>
<abapGit version="v1.0.0" serializer="LCL_OBJECT_DTEL" serializer_version="v1.0.0">
 <asx:abap xmlns:asx="http://www.sap.com/abapxml" version="1.0">
  <asx:values>
   <DD04V>
    <ROLLNAME>ZE_SHIP_STAT</ROLLNAME>
    <DDLANGUAGE>E</DDLANGUAGE>
    <DOMNAME>ZD_SHIP_STAT</DOMNAME>
    <HEADLEN>55</HEADLEN>
    <SCRLEN1>10</SCRLEN1>
    <SCRLEN2>20</SCRLEN2>
    <SCRLEN3>40</SCRLEN3>
    <DDTEXT>Shipping status</DDTEXT>
    <REPTEXT>Shipping status</REPTEXT>
    <SCRTEXT_S>Ship statu</SCRTEXT_S>
    <SCRTEXT_M>Shipping status</SCRTEXT_M>
    <SCRTEXT_L>Shipping status</SCRTEXT_L>
    <DTELMASTER>E</DTELMASTER>
    <REFKIND>D</REFKIND>
   </DD04V>
   <I18N_LANGS>
    <LANGU>1</LANGU>
   </I18N_LANGS>
   <DD04_TEXTS>
    <item>
     <DDLANGUAGE>1</DDLANGUAGE>
     <DDTEXT>发运状态</DDTEXT>
     <REPTEXT>发运状态</REPTEXT>
     <SCRTEXT_S>发运状态</SCRTEXT_S>
     <SCRTEXT_M>发运状态</SCRTEXT_M>
     <SCRTEXT_L>发运状态</SCRTEXT_L>
    </item>
   </DD04_TEXTS>
  </asx:values>
 </asx:abap>
</abapGit>
