﻿<?xml version="1.0" encoding="utf-8"?>
<abapGit version="v1.0.0" serializer="LCL_OBJECT_DTEL" serializer_version="v1.0.0">
 <asx:abap xmlns:asx="http://www.sap.com/abapxml" version="1.0">
  <asx:values>
   <DD04V>
    <ROLLNAME>ZECEC_EL6</ROLLNAME>
    <DDLANGUAGE>E</DDLANGUAGE>
    <DOMNAME>CHAR50</DOMNAME>
    <HEADLEN>02</HEADLEN>
    <SCRLEN1>02</SCRLEN1>
    <SCRLEN2>02</SCRLEN2>
    <SCRLEN3>02</SCRLEN3>
    <DDTEXT>种类</DDTEXT>
    <REPTEXT>种类</REPTEXT>
    <SCRTEXT_S>种类</SCRTEXT_S>
    <SCRTEXT_M>种类</SCRTEXT_M>
    <SCRTEXT_L>种类</SCRTEXT_L>
    <DTELMASTER>E</DTELMASTER>
    <REFKIND>D</REFKIND>
   </DD04V>
  </asx:values>
 </asx:abap>
</abapGit>
