﻿<?xml version="1.0" encoding="utf-8"?>
<abapGit version="v1.0.0" serializer="LCL_OBJECT_DTEL" serializer_version="v1.0.0">
 <asx:abap xmlns:asx="http://www.sap.com/abapxml" version="1.0">
  <asx:values>
   <DD04V>
    <ROLLNAME>ZECEC_EL20</ROLLNAME>
    <DDLANGUAGE>E</DDLANGUAGE>
    <DOMNAME>CHAR50</DOMNAME>
    <HEADLEN>03</HEADLEN>
    <SCRLEN1>03</SCRLEN1>
    <SCRLEN2>03</SCRLEN2>
    <SCRLEN3>03</SCRLEN3>
    <DDTEXT>FTA</DDTEXT>
    <REPTEXT>FTA</REPTEXT>
    <SCRTEXT_S>FTA</SCRTEXT_S>
    <SCRTEXT_M>FTA</SCRTEXT_M>
    <SCRTEXT_L>FTA</SCRTEXT_L>
    <DTELMASTER>E</DTELMASTER>
    <REFKIND>D</REFKIND>
   </DD04V>
  </asx:values>
 </asx:abap>
</abapGit>
