﻿<?xml version="1.0" encoding="utf-8"?>
<abapGit version="v1.0.0" serializer="LCL_OBJECT_DTEL" serializer_version="v1.0.0">
 <asx:abap xmlns:asx="http://www.sap.com/abapxml" version="1.0">
  <asx:values>
   <DD04V>
    <ROLLNAME>ZECEC_EL2</ROLLNAME>
    <DDLANGUAGE>E</DDLANGUAGE>
    <DOMNAME>CHAR50</DOMNAME>
    <HEADLEN>10</HEADLEN>
    <SCRLEN1>04</SCRLEN1>
    <SCRLEN2>08</SCRLEN2>
    <SCRLEN3>10</SCRLEN3>
    <DDTEXT>品牌类型</DDTEXT>
    <REPTEXT>品牌类型</REPTEXT>
    <SCRTEXT_S>品牌类型</SCRTEXT_S>
    <SCRTEXT_M>品牌类型</SCRTEXT_M>
    <SCRTEXT_L>品牌类型</SCRTEXT_L>
    <DTELMASTER>E</DTELMASTER>
    <REFKIND>D</REFKIND>
   </DD04V>
  </asx:values>
 </asx:abap>
</abapGit>
