﻿<?xml version="1.0" encoding="utf-8"?>
<abapGit version="v1.0.0" serializer="LCL_OBJECT_DTEL" serializer_version="v1.0.0">
 <asx:abap xmlns:asx="http://www.sap.com/abapxml" version="1.0">
  <asx:values>
   <DD04V>
    <ROLLNAME>ZECORDATE</ROLLNAME>
    <DDLANGUAGE>E</DDLANGUAGE>
    <DOMNAME>DATUM</DOMNAME>
    <HEADLEN>10</HEADLEN>
    <SCRLEN1>10</SCRLEN1>
    <SCRLEN2>10</SCRLEN2>
    <SCRLEN3>10</SCRLEN3>
    <DDTEXT>Order date</DDTEXT>
    <REPTEXT>Order date</REPTEXT>
    <SCRTEXT_S>Order date</SCRTEXT_S>
    <SCRTEXT_M>Order date</SCRTEXT_M>
    <SCRTEXT_L>Order date</SCRTEXT_L>
    <DTELMASTER>E</DTELMASTER>
    <REFKIND>D</REFKIND>
   </DD04V>
   <I18N_LANGS>
    <LANGU>1</LANGU>
   </I18N_LANGS>
   <DD04_TEXTS>
    <item>
     <DDLANGUAGE>1</DDLANGUAGE>
     <DDTEXT>订单日期</DDTEXT>
     <REPTEXT>订单日期</REPTEXT>
     <SCRTEXT_S>订单日期</SCRTEXT_S>
     <SCRTEXT_M>订单日期</SCRTEXT_M>
     <SCRTEXT_L>订单日期</SCRTEXT_L>
    </item>
   </DD04_TEXTS>
  </asx:values>
 </asx:abap>
</abapGit>
