﻿<?xml version="1.0" encoding="utf-8"?>
<abapGit version="v1.0.0" serializer="LCL_OBJECT_DTEL" serializer_version="v1.0.0">
 <asx:abap xmlns:asx="http://www.sap.com/abapxml" version="1.0">
  <asx:values>
   <DD04V>
    <ROLLNAME>ZECORNO</ROLLNAME>
    <DDLANGUAGE>E</DDLANGUAGE>
    <DOMNAME>CHAR25</DOMNAME>
    <MEMORYID>ANR</MEMORYID>
    <LOGFLAG>X</LOGFLAG>
    <HEADLEN>12</HEADLEN>
    <SCRLEN1>10</SCRLEN1>
    <SCRLEN2>15</SCRLEN2>
    <SCRLEN3>20</SCRLEN3>
    <DDTEXT>Order Number</DDTEXT>
    <REPTEXT>Order</REPTEXT>
    <SCRTEXT_S>Order</SCRTEXT_S>
    <SCRTEXT_M>Order</SCRTEXT_M>
    <SCRTEXT_L>Order</SCRTEXT_L>
    <APPLCLASS>SAP</APPLCLASS>
    <DTELMASTER>D</DTELMASTER>
    <DEFFDNAME>ORDERID</DEFFDNAME>
    <REFKIND>D</REFKIND>
   </DD04V>
   <TPARA>
    <PARAMID>ANR</PARAMID>
    <PARTEXT>Order number</PARTEXT>
   </TPARA>
   <I18N_LANGS>
    <LANGU>1</LANGU>
    <LANGU>3</LANGU>
    <LANGU>D</LANGU>
    <LANGU>F</LANGU>
    <LANGU>I</LANGU>
    <LANGU>J</LANGU>
    <LANGU>L</LANGU>
    <LANGU>M</LANGU>
    <LANGU>N</LANGU>
    <LANGU>S</LANGU>
    <LANGU>T</LANGU>
   </I18N_LANGS>
   <DD04_TEXTS>
    <item>
     <DDLANGUAGE>1</DDLANGUAGE>
     <DDTEXT>订单号</DDTEXT>
     <REPTEXT>订单</REPTEXT>
     <SCRTEXT_S>订单</SCRTEXT_S>
     <SCRTEXT_M>订单</SCRTEXT_M>
     <SCRTEXT_L>订单</SCRTEXT_L>
    </item>
    <item>
     <DDLANGUAGE>3</DDLANGUAGE>
     <DDTEXT>오더 번호</DDTEXT>
     <REPTEXT>오더</REPTEXT>
     <SCRTEXT_S>오더</SCRTEXT_S>
     <SCRTEXT_M>오더</SCRTEXT_M>
     <SCRTEXT_L>오더</SCRTEXT_L>
    </item>
    <item>
     <DDLANGUAGE>D</DDLANGUAGE>
     <DDTEXT>Auftragsnummer</DDTEXT>
     <REPTEXT>Auftrag</REPTEXT>
     <SCRTEXT_S>Auftrag</SCRTEXT_S>
     <SCRTEXT_M>Auftrag</SCRTEXT_M>
     <SCRTEXT_L>Auftrag</SCRTEXT_L>
    </item>
    <item>
     <DDLANGUAGE>F</DDLANGUAGE>
     <DDTEXT>Numéro d&apos;ordre</DDTEXT>
     <REPTEXT>Ordre</REPTEXT>
     <SCRTEXT_S>Ordre</SCRTEXT_S>
     <SCRTEXT_M>Ordre</SCRTEXT_M>
     <SCRTEXT_L>Ordre</SCRTEXT_L>
    </item>
    <item>
     <DDLANGUAGE>I</DDLANGUAGE>
     <DDTEXT>Numero ordine</DDTEXT>
     <REPTEXT>Ordine</REPTEXT>
     <SCRTEXT_S>Ordine</SCRTEXT_S>
     <SCRTEXT_M>Ordine</SCRTEXT_M>
     <SCRTEXT_L>Ordine</SCRTEXT_L>
    </item>
    <item>
     <DDLANGUAGE>J</DDLANGUAGE>
     <DDTEXT>指図番号</DDTEXT>
     <REPTEXT>指図</REPTEXT>
     <SCRTEXT_S>指図</SCRTEXT_S>
     <SCRTEXT_M>指図</SCRTEXT_M>
     <SCRTEXT_L>指図</SCRTEXT_L>
    </item>
    <item>
     <DDLANGUAGE>L</DDLANGUAGE>
     <DDTEXT>Nr zlecenia</DDTEXT>
     <REPTEXT>Nr zlec.</REPTEXT>
     <SCRTEXT_S>Nr zlec.</SCRTEXT_S>
     <SCRTEXT_M>Nr zlec.</SCRTEXT_M>
     <SCRTEXT_L>Nr zlecenia</SCRTEXT_L>
    </item>
    <item>
     <DDLANGUAGE>M</DDLANGUAGE>
     <DDTEXT>訂單號碼</DDTEXT>
     <REPTEXT>訂單</REPTEXT>
     <SCRTEXT_S>訂單</SCRTEXT_S>
     <SCRTEXT_M>訂單</SCRTEXT_M>
     <SCRTEXT_L>訂單</SCRTEXT_L>
    </item>
    <item>
     <DDLANGUAGE>N</DDLANGUAGE>
     <DDTEXT>Ordernummer</DDTEXT>
     <REPTEXT>Order</REPTEXT>
     <SCRTEXT_S>Order</SCRTEXT_S>
     <SCRTEXT_M>Order</SCRTEXT_M>
     <SCRTEXT_L>Order</SCRTEXT_L>
    </item>
    <item>
     <DDLANGUAGE>S</DDLANGUAGE>
     <DDTEXT>Número de orden</DDTEXT>
     <REPTEXT>Orden</REPTEXT>
     <SCRTEXT_S>Orden</SCRTEXT_S>
     <SCRTEXT_M>Orden</SCRTEXT_M>
     <SCRTEXT_L>Orden</SCRTEXT_L>
    </item>
    <item>
     <DDLANGUAGE>T</DDLANGUAGE>
     <DDTEXT>Sipariş numarası</DDTEXT>
     <REPTEXT>Sipariş</REPTEXT>
     <SCRTEXT_S>Sipariş</SCRTEXT_S>
     <SCRTEXT_M>Sipariş</SCRTEXT_M>
     <SCRTEXT_L>Sipariş</SCRTEXT_L>
    </item>
   </DD04_TEXTS>
  </asx:values>
 </asx:abap>
</abapGit>
