﻿<?xml version="1.0" encoding="utf-8"?>
<abapGit version="v1.0.0" serializer="LCL_OBJECT_DTEL" serializer_version="v1.0.0">
 <asx:abap xmlns:asx="http://www.sap.com/abapxml" version="1.0">
  <asx:values>
   <DD04V>
    <ROLLNAME>ZECRTREASON</ROLLNAME>
    <DDLANGUAGE>E</DDLANGUAGE>
    <DOMNAME>ZECRTREASON</DOMNAME>
    <HEADLEN>20</HEADLEN>
    <SCRLEN1>10</SCRLEN1>
    <SCRLEN2>20</SCRLEN2>
    <SCRLEN3>20</SCRLEN3>
    <DDTEXT>Sales return reason</DDTEXT>
    <REPTEXT>Sales return reason</REPTEXT>
    <SCRTEXT_S>Ret reason</SCRTEXT_S>
    <SCRTEXT_M>Sales return reason</SCRTEXT_M>
    <SCRTEXT_L>Sales return reason</SCRTEXT_L>
    <DTELMASTER>E</DTELMASTER>
    <REFKIND>D</REFKIND>
   </DD04V>
   <I18N_LANGS>
    <LANGU>1</LANGU>
   </I18N_LANGS>
   <DD04_TEXTS>
    <item>
     <DDLANGUAGE>1</DDLANGUAGE>
     <DDTEXT>退货原因</DDTEXT>
     <REPTEXT>退货原因</REPTEXT>
     <SCRTEXT_S>退货原因</SCRTEXT_S>
     <SCRTEXT_M>退货原因</SCRTEXT_M>
     <SCRTEXT_L>退货原因</SCRTEXT_L>
    </item>
   </DD04_TEXTS>
  </asx:values>
 </asx:abap>
</abapGit>
