﻿<?xml version="1.0" encoding="utf-8"?>
<abapGit version="v1.0.0" serializer="LCL_OBJECT_DTEL" serializer_version="v1.0.0">
 <asx:abap xmlns:asx="http://www.sap.com/abapxml" version="1.0">
  <asx:values>
   <DD04V>
    <ROLLNAME>ZENGRV2</ROLLNAME>
    <DDLANGUAGE>E</DDLANGUAGE>
    <DOMNAME>FLAG</DOMNAME>
    <HEADLEN>30</HEADLEN>
    <SCRLEN1>10</SCRLEN1>
    <SCRLEN2>20</SCRLEN2>
    <SCRLEN3>30</SCRLEN3>
    <DDTEXT>Engraving Required 2</DDTEXT>
    <REPTEXT>Engraving Required 2</REPTEXT>
    <SCRTEXT_S>Engraving2</SCRTEXT_S>
    <SCRTEXT_M>Engraving Required2</SCRTEXT_M>
    <SCRTEXT_L>Engraving Required 2</SCRTEXT_L>
    <DTELMASTER>E</DTELMASTER>
    <REFKIND>D</REFKIND>
   </DD04V>
   <I18N_LANGS>
    <LANGU>1</LANGU>
   </I18N_LANGS>
   <DD04_TEXTS>
    <item>
     <DDLANGUAGE>1</DDLANGUAGE>
     <DDTEXT>个性化刻字-中框</DDTEXT>
     <REPTEXT>个性化刻字-中框</REPTEXT>
     <SCRTEXT_S>刻字-中框</SCRTEXT_S>
     <SCRTEXT_M>个性化刻字-中框</SCRTEXT_M>
     <SCRTEXT_L>个性化刻字-中框</SCRTEXT_L>
    </item>
   </DD04_TEXTS>
  </asx:values>
 </asx:abap>
</abapGit>
