﻿<?xml version="1.0" encoding="utf-8"?>
<abapGit version="v1.0.0" serializer="LCL_OBJECT_DTEL" serializer_version="v1.0.0">
 <asx:abap xmlns:asx="http://www.sap.com/abapxml" version="1.0">
  <asx:values>
   <DD04V>
    <ROLLNAME>ZENGRV8</ROLLNAME>
    <DDLANGUAGE>E</DDLANGUAGE>
    <DOMNAME>FLAG</DOMNAME>
    <HEADLEN>30</HEADLEN>
    <SCRLEN1>10</SCRLEN1>
    <SCRLEN2>20</SCRLEN2>
    <SCRLEN3>30</SCRLEN3>
    <DDTEXT>Engraving Required 8</DDTEXT>
    <REPTEXT>Engraving Required 8</REPTEXT>
    <SCRTEXT_S>Engraving8</SCRTEXT_S>
    <SCRTEXT_M>Engraving Required8</SCRTEXT_M>
    <SCRTEXT_L>Engraving Required 8</SCRTEXT_L>
    <DTELMASTER>E</DTELMASTER>
    <REFKIND>D</REFKIND>
   </DD04V>
   <I18N_LANGS>
    <LANGU>1</LANGU>
   </I18N_LANGS>
   <DD04_TEXTS>
    <item>
     <DDLANGUAGE>1</DDLANGUAGE>
     <DDTEXT>个性化刻字-眼镜</DDTEXT>
     <REPTEXT>个性化刻字-眼镜</REPTEXT>
     <SCRTEXT_S>刻字-眼镜</SCRTEXT_S>
     <SCRTEXT_M>个性化刻字-眼镜</SCRTEXT_M>
     <SCRTEXT_L>个性化刻字-眼镜</SCRTEXT_L>
    </item>
   </DD04_TEXTS>
  </asx:values>
 </asx:abap>
</abapGit>
