﻿<?xml version="1.0" encoding="utf-8"?>
<abapGit version="v1.0.0" serializer="LCL_OBJECT_DTEL" serializer_version="v1.0.0">
 <asx:abap xmlns:asx="http://www.sap.com/abapxml" version="1.0">
  <asx:values>
   <DD04V>
    <ROLLNAME>ZENGRA</ROLLNAME>
    <DDLANGUAGE>E</DDLANGUAGE>
    <DOMNAME>FLAG</DOMNAME>
    <HEADLEN>10</HEADLEN>
    <SCRLEN1>10</SCRLEN1>
    <SCRLEN2>10</SCRLEN2>
    <SCRLEN3>10</SCRLEN3>
    <DDTEXT>Engrave ind.</DDTEXT>
    <REPTEXT>Grave ind.</REPTEXT>
    <SCRTEXT_S>Grave ind.</SCRTEXT_S>
    <SCRTEXT_M>Grave ind.</SCRTEXT_M>
    <SCRTEXT_L>Grave ind.</SCRTEXT_L>
    <DTELMASTER>1</DTELMASTER>
    <REFKIND>D</REFKIND>
   </DD04V>
   <I18N_LANGS>
    <LANGU>1</LANGU>
   </I18N_LANGS>
   <DD04_TEXTS>
    <item>
     <DDLANGUAGE>1</DDLANGUAGE>
     <DDTEXT>刻字标识</DDTEXT>
     <REPTEXT>刻字标识</REPTEXT>
     <SCRTEXT_S>刻字标识</SCRTEXT_S>
     <SCRTEXT_M>刻字标识</SCRTEXT_M>
     <SCRTEXT_L>刻字标识</SCRTEXT_L>
    </item>
   </DD04_TEXTS>
  </asx:values>
 </asx:abap>
</abapGit>
