﻿<?xml version="1.0" encoding="utf-8"?>
<abapGit version="v1.0.0" serializer="LCL_OBJECT_CLAS" serializer_version="v1.0.0">
 <asx:abap xmlns:asx="http://www.sap.com/abapxml" version="1.0">
  <asx:values>
   <VSEOCLASS>
    <CLSNAME>ZES_IWON_NOTIFICATION</CLSNAME>
    <VERSION>1</VERSION>
    <LANGU>E</LANGU>
    <DESCRIPT>Class for BAdI Implementation EI_IWON_NOTIFICATION</DESCRIPT>
    <EXPOSURE>2</EXPOSURE>
    <STATE>1</STATE>
    <CLSFINAL>X</CLSFINAL>
    <CLSCCINCL>X</CLSCCINCL>
    <FIXPT>X</FIXPT>
    <UNICODE>X</UNICODE>
   </VSEOCLASS>
   <DESCRIPTIONS>
    <SEOCOMPOTX>
     <CLSNAME>ZES_IWON_NOTIFICATION</CLSNAME>
     <CMPNAME>CLASS_CONSTRUCTOR</CMPNAME>
     <LANGU>E</LANGU>
     <DESCRIPT>CLASS_CONSTRUCTOR</DESCRIPT>
    </SEOCOMPOTX>
    <SEOCOMPOTX>
     <CLSNAME>ZES_IWON_NOTIFICATION</CLSNAME>
     <CMPNAME>EXTENSIONIN_2_TE_QMEL</CMPNAME>
     <LANGU>E</LANGU>
     <DESCRIPT>Map EXTENSIONIN to BAPI_TE_QMEL</DESCRIPT>
    </SEOCOMPOTX>
    <SEOCOMPOTX>
     <CLSNAME>ZES_IWON_NOTIFICATION</CLSNAME>
     <CMPNAME>EXTENSIONIN_2_TE_QMFE</CMPNAME>
     <LANGU>E</LANGU>
     <DESCRIPT>Map EXTENSIONIN to BAPI_TE_QMFE</DESCRIPT>
    </SEOCOMPOTX>
    <SEOCOMPOTX>
     <CLSNAME>ZES_IWON_NOTIFICATION</CLSNAME>
     <CMPNAME>EXTENSIONIN_2_ZZS_TE_QMEL</CMPNAME>
     <LANGU>E</LANGU>
     <DESCRIPT>Map EXTENSIONIN to ZZS_TE_QMEL</DESCRIPT>
    </SEOCOMPOTX>
    <SEOCOMPOTX>
     <CLSNAME>ZES_IWON_NOTIFICATION</CLSNAME>
     <CMPNAME>GC_TE_QMEL</CMPNAME>
     <LANGU>E</LANGU>
     <DESCRIPT>Structure name of  BAPI table extension</DESCRIPT>
    </SEOCOMPOTX>
    <SEOCOMPOTX>
     <CLSNAME>ZES_IWON_NOTIFICATION</CLSNAME>
     <CMPNAME>GC_TE_QMFE</CMPNAME>
     <LANGU>E</LANGU>
     <DESCRIPT>Structure name of  BAPI table extension</DESCRIPT>
    </SEOCOMPOTX>
    <SEOCOMPOTX>
     <CLSNAME>ZES_IWON_NOTIFICATION</CLSNAME>
     <CMPNAME>GC_ZZS_TE_QMEL</CMPNAME>
     <LANGU>E</LANGU>
     <DESCRIPT>Structure name of  BAPI table extension</DESCRIPT>
    </SEOCOMPOTX>
    <SEOCOMPOTX>
     <CLSNAME>ZES_IWON_NOTIFICATION</CLSNAME>
     <CMPNAME>GV_QMEL_ENHANCED</CMPNAME>
     <LANGU>E</LANGU>
     <DESCRIPT>General Flag</DESCRIPT>
    </SEOCOMPOTX>
    <SEOCOMPOTX>
     <CLSNAME>ZES_IWON_NOTIFICATION</CLSNAME>
     <CMPNAME>GV_QMFE_ENHANCED</CMPNAME>
     <LANGU>E</LANGU>
     <DESCRIPT>General Flag</DESCRIPT>
    </SEOCOMPOTX>
    <SEOCOMPOTX>
     <CLSNAME>ZES_IWON_NOTIFICATION</CLSNAME>
     <CMPNAME>GV_ZZS_QMEL_ENHANCED</CMPNAME>
     <LANGU>E</LANGU>
     <DESCRIPT>General Flag</DESCRIPT>
    </SEOCOMPOTX>
    <SEOCOMPOTX>
     <CLSNAME>ZES_IWON_NOTIFICATION</CLSNAME>
     <CMPNAME>TE_QMEL_2_EXTENSIONOUT</CMPNAME>
     <LANGU>E</LANGU>
     <DESCRIPT>Map BAPI_TE_QMEL to EXTENSIONIOUT</DESCRIPT>
    </SEOCOMPOTX>
    <SEOCOMPOTX>
     <CLSNAME>ZES_IWON_NOTIFICATION</CLSNAME>
     <CMPNAME>TE_QMFE_2_EXTENSIONOUT</CMPNAME>
     <LANGU>E</LANGU>
     <DESCRIPT>Map BAPI_TE_QMFE to EXTENSIONIOUT</DESCRIPT>
    </SEOCOMPOTX>
    <SEOCOMPOTX>
     <CLSNAME>ZES_IWON_NOTIFICATION</CLSNAME>
     <CMPNAME>ZZS_TE_QMEL_2_EXTENSIONOUT</CMPNAME>
     <LANGU>E</LANGU>
     <DESCRIPT>Map ZZS_TE_QMEL to EXTENSIONIOUT</DESCRIPT>
    </SEOCOMPOTX>
   </DESCRIPTIONS>
  </asx:values>
 </asx:abap>
</abapGit>
