﻿<?xml version="1.0" encoding="utf-8"?>
<abapGit version="v1.0.0" serializer="LCL_OBJECT_DTEL" serializer_version="v1.0.0">
 <asx:abap xmlns:asx="http://www.sap.com/abapxml" version="1.0">
  <asx:values>
   <DD04V>
    <ROLLNAME>ZESCRZ</ROLLNAME>
    <DDLANGUAGE>E</DDLANGUAGE>
    <DOMNAME>ZESCRZ</DOMNAME>
    <HEADLEN>20</HEADLEN>
    <SCRLEN1>10</SCRLEN1>
    <SCRLEN2>20</SCRLEN2>
    <SCRLEN3>20</SCRLEN3>
    <DDTEXT>Escalation reason</DDTEXT>
    <REPTEXT>Escalation reason</REPTEXT>
    <SCRTEXT_S>Escalation</SCRTEXT_S>
    <SCRTEXT_M>Escalation reason</SCRTEXT_M>
    <SCRTEXT_L>Escalation reason</SCRTEXT_L>
    <DTELMASTER>E</DTELMASTER>
    <REFKIND>D</REFKIND>
   </DD04V>
   <I18N_LANGS>
    <LANGU>1</LANGU>
   </I18N_LANGS>
   <DD04_TEXTS>
    <item>
     <DDLANGUAGE>1</DDLANGUAGE>
     <DDTEXT>移交原因</DDTEXT>
     <REPTEXT>移交原因</REPTEXT>
     <SCRTEXT_S>移交原因</SCRTEXT_S>
     <SCRTEXT_M>移交原因</SCRTEXT_M>
     <SCRTEXT_L>移交原因</SCRTEXT_L>
    </item>
   </DD04_TEXTS>
  </asx:values>
 </asx:abap>
</abapGit>
