﻿<?xml version="1.0" encoding="utf-8"?>
<abapGit version="v1.0.0" serializer="LCL_OBJECT_DTEL" serializer_version="v1.0.0">
 <asx:abap xmlns:asx="http://www.sap.com/abapxml" version="1.0">
  <asx:values>
   <DD04V>
    <ROLLNAME>ZESTFDAT</ROLLNAME>
    <DDLANGUAGE>E</DDLANGUAGE>
    <HEADLEN>30</HEADLEN>
    <SCRLEN1>10</SCRLEN1>
    <SCRLEN2>15</SCRLEN2>
    <SCRLEN3>20</SCRLEN3>
    <DDTEXT>estimation finish date</DDTEXT>
    <REPTEXT>estimation finish date</REPTEXT>
    <SCRTEXT_S>est fin d</SCRTEXT_S>
    <SCRTEXT_M>est finish d</SCRTEXT_M>
    <SCRTEXT_L>estimation finish d</SCRTEXT_L>
    <DTELMASTER>E</DTELMASTER>
    <DATATYPE>DATS</DATATYPE>
    <LENG>000008</LENG>
    <OUTPUTLEN>000010</OUTPUTLEN>
   </DD04V>
  </asx:values>
 </asx:abap>
</abapGit>
