﻿<?xml version="1.0" encoding="utf-8"?>
<abapGit version="v1.0.0" serializer="LCL_OBJECT_DTEL" serializer_version="v1.0.0">
 <asx:abap xmlns:asx="http://www.sap.com/abapxml" version="1.0">
  <asx:values>
   <DD04V>
    <ROLLNAME>ZEXTR_SER</ROLLNAME>
    <DDLANGUAGE>E</DDLANGUAGE>
    <DOMNAME>FLAG</DOMNAME>
    <HEADLEN>20</HEADLEN>
    <SCRLEN1>10</SCRLEN1>
    <SCRLEN2>20</SCRLEN2>
    <SCRLEN3>30</SCRLEN3>
    <DDTEXT>Extra service</DDTEXT>
    <REPTEXT>Extra service</REPTEXT>
    <SCRTEXT_S>ExtraSev</SCRTEXT_S>
    <SCRTEXT_M>Extra service</SCRTEXT_M>
    <SCRTEXT_L>Extra service</SCRTEXT_L>
    <DTELMASTER>E</DTELMASTER>
    <REFKIND>D</REFKIND>
   </DD04V>
   <I18N_LANGS>
    <LANGU>1</LANGU>
   </I18N_LANGS>
   <DD04_TEXTS>
    <item>
     <DDLANGUAGE>1</DDLANGUAGE>
     <DDTEXT>部分服务</DDTEXT>
     <REPTEXT>部分服务</REPTEXT>
     <SCRTEXT_S>部分服务</SCRTEXT_S>
     <SCRTEXT_M>部分服务</SCRTEXT_M>
     <SCRTEXT_L>部分服务</SCRTEXT_L>
    </item>
   </DD04_TEXTS>
  </asx:values>
 </asx:abap>
</abapGit>
