﻿<?xml version="1.0" encoding="utf-8"?>
<abapGit version="v1.0.0" serializer="LCL_OBJECT_DOMA" serializer_version="v1.0.0">
 <asx:abap xmlns:asx="http://www.sap.com/abapxml" version="1.0">
  <asx:values>
   <DD01V>
    <DOMNAME>ZMVTC</DOMNAME>
    <DDLANGUAGE>E</DDLANGUAGE>
    <DATATYPE>CHAR</DATATYPE>
    <LENG>000002</LENG>
    <OUTPUTLEN>000002</OUTPUTLEN>
    <VALEXI>X</VALEXI>
    <DDTEXT>ACSIS: Movement type</DDTEXT>
   </DD01V>
   <DD07V_TAB>
    <DD07V>
     <DOMNAME>ZMVTC</DOMNAME>
     <VALPOS>0001</VALPOS>
     <DDLANGUAGE>E</DDLANGUAGE>
     <DOMVALUE_L>10</DOMVALUE_L>
     <DDTEXT>QUARTZ CALIBER</DDTEXT>
    </DD07V>
    <DD07V>
     <DOMNAME>ZMVTC</DOMNAME>
     <VALPOS>0002</VALPOS>
     <DDLANGUAGE>E</DDLANGUAGE>
     <DOMVALUE_L>20</DOMVALUE_L>
     <DDTEXT>OLD QUARTZ CALIBER</DDTEXT>
    </DD07V>
    <DD07V>
     <DOMNAME>ZMVTC</DOMNAME>
     <VALPOS>0003</VALPOS>
     <DDLANGUAGE>E</DDLANGUAGE>
     <DOMVALUE_L>30</DOMVALUE_L>
     <DDTEXT>CHRONO QUARTZ CALIBER</DDTEXT>
    </DD07V>
    <DD07V>
     <DOMNAME>ZMVTC</DOMNAME>
     <VALPOS>0004</VALPOS>
     <DDLANGUAGE>E</DDLANGUAGE>
     <DOMVALUE_L>35</DOMVALUE_L>
     <DDTEXT>AUTO QUARTZ CALIBER</DDTEXT>
    </DD07V>
    <DD07V>
     <DOMNAME>ZMVTC</DOMNAME>
     <VALPOS>0005</VALPOS>
     <DDLANGUAGE>E</DDLANGUAGE>
     <DOMVALUE_L>38</DOMVALUE_L>
     <DDTEXT>MULTI-FUNCTION QUARTZ</DDTEXT>
    </DD07V>
    <DD07V>
     <DOMNAME>ZMVTC</DOMNAME>
     <VALPOS>0006</VALPOS>
     <DDLANGUAGE>E</DDLANGUAGE>
     <DOMVALUE_L>40</DOMVALUE_L>
     <DDTEXT>MAN/AUTOMATIC SIMPLE CALIBER</DDTEXT>
    </DD07V>
    <DD07V>
     <DOMNAME>ZMVTC</DOMNAME>
     <VALPOS>0007</VALPOS>
     <DDLANGUAGE>E</DDLANGUAGE>
     <DOMVALUE_L>50</DOMVALUE_L>
     <DDTEXT>MAN/AUTOMATIC SPECIALTY CAL.</DDTEXT>
    </DD07V>
    <DD07V>
     <DOMNAME>ZMVTC</DOMNAME>
     <VALPOS>0008</VALPOS>
     <DDLANGUAGE>E</DDLANGUAGE>
     <DOMVALUE_L>60</DOMVALUE_L>
     <DDTEXT>CHRONO MANUAL AUTOMATIC CAL.</DDTEXT>
    </DD07V>
    <DD07V>
     <DOMNAME>ZMVTC</DOMNAME>
     <VALPOS>0009</VALPOS>
     <DDLANGUAGE>E</DDLANGUAGE>
     <DOMVALUE_L>70</DOMVALUE_L>
     <DDTEXT>QP AND DERIVED</DDTEXT>
    </DD07V>
    <DD07V>
     <DOMNAME>ZMVTC</DOMNAME>
     <VALPOS>0010</VALPOS>
     <DDLANGUAGE>E</DDLANGUAGE>
     <DOMVALUE_L>80</DOMVALUE_L>
     <DDTEXT>TOURBILLON/GRANDE COMPLICATION</DDTEXT>
    </DD07V>
    <DD07V>
     <DOMNAME>ZMVTC</DOMNAME>
     <VALPOS>0011</VALPOS>
     <DDLANGUAGE>E</DDLANGUAGE>
     <DOMVALUE_L>90</DOMVALUE_L>
     <DDTEXT>OLD MECHANICAL CALIBER</DDTEXT>
    </DD07V>
    <DD07V>
     <DOMNAME>ZMVTC</DOMNAME>
     <VALPOS>0012</VALPOS>
     <DDLANGUAGE>E</DDLANGUAGE>
     <DOMVALUE_L>95</DOMVALUE_L>
     <DDTEXT>RESTORATION</DDTEXT>
    </DD07V>
    <DD07V>
     <DOMNAME>ZMVTC</DOMNAME>
     <VALPOS>0013</VALPOS>
     <DDLANGUAGE>E</DDLANGUAGE>
     <DOMVALUE_L>99</DOMVALUE_L>
     <DDTEXT>WITHOUT</DDTEXT>
    </DD07V>
   </DD07V_TAB>
   <I18N_LANGS>
    <LANGU>1</LANGU>
   </I18N_LANGS>
   <DD01_TEXTS>
    <item>
     <DDLANGUAGE>1</DDLANGUAGE>
     <DDTEXT>机械类型</DDTEXT>
    </item>
   </DD01_TEXTS>
   <DD07_TEXTS>
    <item>
     <VALPOS>0001</VALPOS>
     <DDLANGUAGE>1</DDLANGUAGE>
     <DOMVALUE_L>10</DOMVALUE_L>
     <DDTEXT>石英机芯</DDTEXT>
    </item>
    <item>
     <VALPOS>0002</VALPOS>
     <DDLANGUAGE>1</DDLANGUAGE>
     <DOMVALUE_L>20</DOMVALUE_L>
     <DDTEXT>老款石英机芯</DDTEXT>
    </item>
    <item>
     <VALPOS>0003</VALPOS>
     <DDLANGUAGE>1</DDLANGUAGE>
     <DOMVALUE_L>30</DOMVALUE_L>
     <DDTEXT>计时石英机芯</DDTEXT>
    </item>
    <item>
     <VALPOS>0004</VALPOS>
     <DDLANGUAGE>1</DDLANGUAGE>
     <DOMVALUE_L>35</DOMVALUE_L>
     <DDTEXT>自动石英机芯</DDTEXT>
    </item>
    <item>
     <VALPOS>0005</VALPOS>
     <DDLANGUAGE>1</DDLANGUAGE>
     <DOMVALUE_L>38</DOMVALUE_L>
     <DDTEXT>多功能石英</DDTEXT>
    </item>
    <item>
     <VALPOS>0006</VALPOS>
     <DDLANGUAGE>1</DDLANGUAGE>
     <DOMVALUE_L>40</DOMVALUE_L>
     <DDTEXT>手动/自动简单机芯</DDTEXT>
    </item>
    <item>
     <VALPOS>0007</VALPOS>
     <DDLANGUAGE>1</DDLANGUAGE>
     <DOMVALUE_L>50</DOMVALUE_L>
     <DDTEXT>手动/自动特殊机芯</DDTEXT>
    </item>
    <item>
     <VALPOS>0008</VALPOS>
     <DDLANGUAGE>1</DDLANGUAGE>
     <DOMVALUE_L>60</DOMVALUE_L>
     <DDTEXT>计时手动自动机芯</DDTEXT>
    </item>
    <item>
     <VALPOS>0009</VALPOS>
     <DOMVALUE_L>70</DOMVALUE_L>
    </item>
    <item>
     <VALPOS>0010</VALPOS>
     <DOMVALUE_L>80</DOMVALUE_L>
    </item>
    <item>
     <VALPOS>0011</VALPOS>
     <DDLANGUAGE>1</DDLANGUAGE>
     <DOMVALUE_L>90</DOMVALUE_L>
     <DDTEXT>老款机械机芯</DDTEXT>
    </item>
    <item>
     <VALPOS>0012</VALPOS>
     <DOMVALUE_L>95</DOMVALUE_L>
    </item>
    <item>
     <VALPOS>0013</VALPOS>
     <DDLANGUAGE>1</DDLANGUAGE>
     <DOMVALUE_L>99</DOMVALUE_L>
     <DDTEXT>无</DDTEXT>
    </item>
   </DD07_TEXTS>
  </asx:values>
 </asx:abap>
</abapGit>
