﻿<?xml version="1.0" encoding="utf-8"?>
<abapGit version="v1.0.0" serializer="LCL_OBJECT_DOMA" serializer_version="v1.0.0">
 <asx:abap xmlns:asx="http://www.sap.com/abapxml" version="1.0">
  <asx:values>
   <DD01V>
    <DOMNAME>ZSTYLE</DOMNAME>
    <DDLANGUAGE>E</DDLANGUAGE>
    <DATATYPE>CHAR</DATATYPE>
    <LENG>000002</LENG>
    <OUTPUTLEN>000002</OUTPUTLEN>
    <VALEXI>X</VALEXI>
    <DDTEXT>Watch style code drop list</DDTEXT>
   </DD01V>
   <DD07V_TAB>
    <DD07V>
     <DOMNAME>ZSTYLE</DOMNAME>
     <VALPOS>0001</VALPOS>
     <DDLANGUAGE>E</DDLANGUAGE>
     <DOMVALUE_L>10</DOMVALUE_L>
     <DDTEXT>MEN</DDTEXT>
    </DD07V>
    <DD07V>
     <DOMNAME>ZSTYLE</DOMNAME>
     <VALPOS>0002</VALPOS>
     <DDLANGUAGE>E</DDLANGUAGE>
     <DOMVALUE_L>20</DOMVALUE_L>
     <DDTEXT>LADIES</DDTEXT>
    </DD07V>
    <DD07V>
     <DOMNAME>ZSTYLE</DOMNAME>
     <VALPOS>0003</VALPOS>
     <DDLANGUAGE>E</DDLANGUAGE>
     <DOMVALUE_L>30</DOMVALUE_L>
     <DDTEXT>UNISEX</DDTEXT>
    </DD07V>
    <DD07V>
     <DOMNAME>ZSTYLE</DOMNAME>
     <VALPOS>0004</VALPOS>
     <DDLANGUAGE>E</DDLANGUAGE>
     <DOMVALUE_L>40</DOMVALUE_L>
     <DDTEXT>POCKET</DDTEXT>
    </DD07V>
    <DD07V>
     <DOMNAME>ZSTYLE</DOMNAME>
     <VALPOS>0005</VALPOS>
     <DDLANGUAGE>E</DDLANGUAGE>
     <DOMVALUE_L>50</DOMVALUE_L>
     <DDTEXT>CLOCK</DDTEXT>
    </DD07V>
    <DD07V>
     <DOMNAME>ZSTYLE</DOMNAME>
     <VALPOS>0006</VALPOS>
     <DDLANGUAGE>E</DDLANGUAGE>
     <DOMVALUE_L>60</DOMVALUE_L>
     <DDTEXT>JEWELLERY</DDTEXT>
    </DD07V>
    <DD07V>
     <DOMNAME>ZSTYLE</DOMNAME>
     <VALPOS>0007</VALPOS>
     <DDLANGUAGE>E</DDLANGUAGE>
     <DOMVALUE_L>70</DOMVALUE_L>
     <DDTEXT>CASE ONLY</DDTEXT>
    </DD07V>
    <DD07V>
     <DOMNAME>ZSTYLE</DOMNAME>
     <VALPOS>0008</VALPOS>
     <DDLANGUAGE>E</DDLANGUAGE>
     <DOMVALUE_L>80</DOMVALUE_L>
     <DDTEXT>BRACELLET</DDTEXT>
    </DD07V>
    <DD07V>
     <DOMNAME>ZSTYLE</DOMNAME>
     <VALPOS>0009</VALPOS>
     <DDLANGUAGE>E</DDLANGUAGE>
     <DOMVALUE_L>90</DOMVALUE_L>
     <DDTEXT>MOVEMENT ONLY</DDTEXT>
    </DD07V>
   </DD07V_TAB>
  </asx:values>
 </asx:abap>
</abapGit>
